{
	"translation": {
		"SESSION_EXPIRED": "সময় মেয়াদ শেষ!!",
		"PTE_PRACTICE_APP": "পিটিই প্র্যাকটিস অ্যাপ",
		"EMAIL": "ইমেইল",
		"LOGIN_TITLE": "বাস্তব পরীক্ষার সিমুলেশন এবং এআই স্কোরিং",
		"SUBTITLE": "এর সাথে সবচেয়ে উন্নত PTE অ্যাপে লগ ইন করুন",
		"ENTER_YOUR_EMAIL": "তুমার ইমেইল প্রবেশ করাও",
		"PASSWORD": "পাসওয়ার্ড",
		"ENTER_PASSWORD": "আপনার পাসওয়ার্ড লিখুন",
		"REMEMBER": "আমাকে মনে কর",
		"FORGET_PASSWORD": "আপনি কি পাসওয়ার্ড ভুলে গেছেন?",
		"LOGIN": "প্রবেশ করুন",
		"OR": "বা",
		"ACCOUNT": "একটি অ্যাকাউন্ট নেই?",
		"SIGN_UP": "নিবন্ধন করুন",
		"T_AND_C": "শর্তাবলী",
		"NO_INTERNET": "ইন্টারনেট সংযোগ নেই",
		"TRANSACTION": "কোন লেনদেন ঘটেছে",
		"ACCOUNT_": "অ্যাকাউন্ট ইতিহাস",
		"ACCOUNT_SHARE": "এই লিঙ্কটি বন্ধুদের সাথে শেয়ার করুন এবং বিনামূল্যে প্রিমিয়াম ঘন্টা পান",
		"FAQS": "FAQs",
		"POLICY": "গোপনীয়তা নীতি / ব্যবহারকারী চুক্তি",
		"TERMS": "শর্তাবলী",
		"CHANGE_PASSWORD": "পাসওয়ার্ড পরিবর্তন করুন",
		"DARK_MODE": "ডার্ক মোড",
		"NOTIFICATION": "বিজ্ঞপ্তি",
		"PRIVACY": "গোপনীয়তা নীতি",
		"MANAGE_ACCOUNT": "অ্যাকাউন্ট পরিচালনা",
		"BUY": "কেনা",
		"SHARE": "শেয়ার করুন এবং উপার্জন করুন",
		"MT_CODE": "মক টেস্ট কোড",
		"CONTACT": "যোগাযোগ",
		"SPEECH_CALIBRATION": "স্পিচ ক্রমাঙ্কন",
		"SIGN_OUT": "সাইন আউট",
		"TEST_CODE": "আপনি সফলভাবে একটি একক-ব্যবহারের আনলক কোড তৈরি করেছেন৷",
		"ALREADY_GENRATED": "আপনি ইতিমধ্যেই এই ডিভাইসটি ব্যবহার করে একটি কোড তৈরি করেছেন৷ পরে আবার চেষ্টা করুন",
		"DAY": "দিন",
		"ENTER_PHONE": "আপনার ফোন লিখুন",
		"VALID_MAIL": "অনুগ্রহ করে আপনার সঠিক মেইল ​​আইডি প্রবেশ করান",
		"VALID_NAME": "দয়া করে নাম লিখুন",
		"VALID_NUMBER": "নম্বর লিখুন দয়া করে",
		"VALID_PASSWORD": "আপনার পাসওয়ার্ড দিন",
		"VALID_CONFIRM_PASSWORD": "অনুগ্রহ করে আপনার কনফার্ম পাসওয়ার্ড লিখুন",
		"PASSWORD_MISMATCH": "পাসওয়ার্ড মেলে না",
		"VALID_CITY": "দয়া করে শহরের নাম লিখুন",
		"ENTER_NAME": "আপনার নাম প্রবেশ করুন",
		"NAME": "নাম",
		"CITY": "শহর",
		"ENTER_CITY": "আপনার শহর নির্বাচন করুন",
		"CONFIRM": "পাসওয়ার্ড নিশ্চিত করুন",
		"ENTER_CNFM_PASSWORD": "আপনার পাসওয়ার্ড পুনরায় লিখুন",
		"NEXT": "পরবর্তী",
		"JOIN": "এখনি যোগদিন",
		"ALREADY_ACCOUNT": "ইতিমধ্যে একটি সদস্যপদ আছে?",
		"SIGN_IN": "সাইন ইন করুন",
		"CANCEL": "বাতিল করুন",
		"SUBMIT": "জমা দিন",
		"PREMIUM_PLAN": "প্রিমিয়াম প্ল্যান",
		"MEMBERSHIP_EXPIRE": "সদস্যপদ মেয়াদ শেষ হয়",
		"UPGRADE_PREMIUM": "প্রিমিয়ামে আপগ্রেড করুন",
		"TRANSACTION_": "কোন লেনদেন ঘটেছে",
		"MANAGE_ACCO_UNT": "অ্যাকাউন্ট পরিচালনা",
		"CURRENT_PLAN": "বর্তমান পরিকল্পনা",
		"DATE": "পরীক্ষার তারিখ",
		"REQUIRED": "(প্রয়োজনীয়)",
		"DATE_FORMAT": "dd-mm-yyyy",
		"VENUE": "অনুগ্রহ করে আপনার পরীক্ষার স্থান নির্বাচন করুন",
		"EXAM_VENUE": "পরীক্ষার স্থান",
		"OPTIONAL": "(ঐচ্ছিক)",
		"MEMORY": "পরীক্ষার স্মৃতি",
		"SHARE_MEMORY": "আপনার পরীক্ষার মেমরি শেয়ার করুন",
		"APPEARED": "এই প্রশ্নটি আমার পরীক্ষায় উপস্থিত হয়েছে",
		"APPEARED_TITLE": "এটি নিশ্চিত করার মাধ্যমে আপনি অন্যান্য পরীক্ষার্থীদের তাদের পরীক্ষার জন্য সঠিক ভবিষ্যদ্বাণী পেতে সাহায্য করতে পারেন।",
		"SUB_MIT": "জমা দিন",
		"SUBSCRIPTION": "সাবস্ক্রিপশন",
		"OLD_PASS_VALID": "আপনার পুরানো পাসওয়ার্ড লিখুন",
		"NEW_PASS_VALID": "আপনার নতুন পাসওয়ার্ড লিখুন",
		"CONFIRM_PASS_VALID": "আপনার নিশ্চিত পাসওয়ার্ড লিখুন",
		"PASS_WORD_MISMATCH": "পাসওয়ার্ড মিলছে না",
		"OLD_PASSWORD": "বর্তমান পাসওয়ার্ড",
		"NEW_PASSWORD": "নতুন পাসওয়ার্ড",
		"COUNTRY": "দেশ নির্বাচন করুন",
		"STATE": "রাজ্য নির্বাচন কর",
		"CI_TY": "শহর নির্বাচন করুন",
		"SEARCH_YOUR_CITY": "আপনার শহর অনুসন্ধান করুন",
		"SEARCH_COUNTRY": "দেশ অনুসন্ধান করুন",
		"SEARCH_STATE": "সার্চ স্টেট",
		"SEARCH_CITY": "শহর অনুসন্ধান করুন",
		"FULL_NAME": "পুরো নাম",
		"ADDRESS": "ঠিকানা",
		"UPDATE": "প্রফাইল হালনাগাদ",
		"RESET": "প্রোফাইল রিসেট করুন",
		"ISSUE": "প্রকার নির্বাচন করুন",
		"TECHNICAL": "প্রযুক্তিগত",
		"OTHER": "অন্যান্য",
		"ENTER_TITLE": "শিরোনাম লিখুন",
		"TITLE_HERE": "শিরোনাম এখানে যায়",
		"PLE_ENTER_TITLE": "অনুগ্রহ করে শিরোনাম লিখুন",
		"ENTER_DESCRIPTION": "বার্তা লিখুন",
		"MESSAGE": "বার্তা",
		"MESSAGE_HERE": "আপনার বার্তা এখানে যায়",
		"DOCUMENT": "নথি আপলোড",
		"OVERALL": "সামগ্রিকভাবে",
		"READING": "পড়া",
		"WRITING": "লেখা",
		"LISTEN": "শুনছেন",
		"SPEAKING": "কথা বলছি",
		"GRAMMAR": "ব্যাকরণ",
		"FLUENCY": "সাবলীলতা",
		"PRONOUN": "সর্বনাম",
		"SPELLING": "বানান",
		"VOCAB": "ভোকাব",
		"DISCOURSE": "ডিসকোর্স",
		"SCORE_REPORT": "এআই স্কোর রিপোর্ট বিশ্লেষণ",
		"REPORT": "প্রতিবেদন বিশ্লেষণ করা হয়েছে",
		"HEADING": "নীচে উল্লিখিত নিয়মগুলি আপনাকে পড়ার মডিউলগুলিতে সহায়তা করবে। আপনি তাদের মাধ্যমে আপনার পড়ার স্কোর উন্নত করার পরামর্শ দেওয়া হয়.",
		"HOURS": "ঘন্টার",
		"MIN": "মিন",
		"SEC": "সেকেন্ড",
		"DAYS": "দিন",
		"CON_FIRM": "নিশ্চিত করুন",
		"PREMIUM": "প্রিমিয়াম",
		"FREE PREMIUM": "বিনামূল্যে প্রিমিয়াম",
		"EXAM_COUNT_DOWN": "পরীক্ষার কাউন্টডাউন",
		"COMPLETED": "সম্পন্ন",
		"PRACTICE": "অনুশীলন করা",
		"QUESTION": "প্রশ্ন",
		"STUDY_TOOL": "স্টাডি টুলস",
		"TEMPLATES": "টেমপ্লেট",
		"TEMPLATE": "আপনার ডাউনলোড এবং প্রস্তুত করার জন্য আমাদের চেষ্টা করা এবং পরীক্ষিত টেমপ্লেট।",
		"PREDECTION": "ভবিষ্যদ্বাণী",
		"PREDICT": "আমাদের সাপ্তাহিক ভবিষ্যদ্বাণী ফাইলে প্রশ্ন থাকে যার পুনরাবৃত্তির সম্ভাবনা বেশি থাকে।",
		"GRAMMER": "এই ব্যাকরণের নিয়মগুলি আপনাকে রিডিং মডিউলে সাহায্য করবে।",
		"VOCAB_BANK": "আপনি অনুশীলনের জন্য এই তালিকায় কঠিন শব্দ যোগ করতে পারেন।",
		"VOC_AB": "ভোকাব-ব্যাংক",
		"SCORE": "স্কোর-প্রতিক্রিয়া",
		"SCORE_FEEDBACK": "আপনি আপনার পূর্ববর্তী স্কোর একটি বিশ্লেষণ প্রতিক্রিয়া পাবেন.",
		"MARK": "চিহ্নিত করা",
		"MARKING": "এটি আপনাকে প্রতিটি প্রশ্নের মার্কিং-ব্রেকডাউন প্রদান করবে।",
		"ALFA": "আলফাপিটিই",
		"NEW": "নতুন",
		"PREDI_CTION": "ভবিষ্যদ্বাণী",
		"PRACTICED": "অনুশীলন করেছেন",
		"REMAIN_TIME": "অবশিষ্ট সময়",
		"COUNT": "শব্দ গণনা",
		"SUMMARY": "এখানে আপনার প্রতিক্রিয়া টাইপ করুন..",
		"TRANSCRIPT": "প্রতিলিপি",
		"TIME": "সময়",
		"ANSWER": "উত্তর",
		"AI_SCORE": "এআই স্কোর",
		"ENABLING_SKILLS": "দক্ষতা সক্ষম করা",
		"CONTENT": "বিষয়বস্তু",
		"SPELLINGS": "বানান",
		"GRAM_MER": "ব্যাকরণ",
		"FORM": "ফর্ম",
		"VOCABULARY_RANGE": "শব্দভান্ডার পরিসীমা",
		"YOUR_RESPONSE": "তোমার প্রতিক্রিয়া",
		"SUGGESTIONS": "পরামর্শ",
		"TOTAL_WORDS": "মোট শব্দ",
		"ENGLISH": "ইংরেজি",
		"TIME_TAKEN": "সময় নিয়েছে",
		"MINUTE": "মিনিট",
		"SECOND": "দ্বিতীয়",
		"TARGET_SCORE": "লক্ষ্য স্কোর",
		"SST": "কথ্য টেক্সট সংক্ষিপ্ত করুন",
		"MCM": "একাধিক পছন্দ, একাধিক উত্তর",
		"FIB": "শুন্যস্তান পূরণ",
		"HCS": "সঠিক সারাংশ হাইলাইট করুন",
		"MCS": "একাধিক পছন্দ, একক উত্তর",
		"SMW": "অনুপস্থিত শব্দ নির্বাচন করুন",
		"HIC": "ভুল শব্দ হাইলাইট করুন",
		"WFD": "ডিকটেশন থেকে লিখুন",
		"LISTENING": "শ্রবণ",
		"FORCE_UPDATE": "নতুন আপডেট উপলব্ধ",
		"UPD_ATE": "হালনাগাদ",
		"UNDER_MAINTENCE": "রক্ষণাবেক্ষণের অধীনে",
		"PREDICTION_TITLE": "আমাদের সাপ্তাহিক-ভবিষ্যদ্বাণী ফাইলগুলিতে সমস্ত গুরুত্বপূর্ণ প্রশ্ন থাকবে যা আসন্ন পরীক্ষায় পুনরাবৃত্তির সম্ভাবনা বেশি।",
		"MY_SCORE": "আমার স্কোর",
		"COMMUNITY_SCORE": "কমিউনিটি স্কোর",
		"MULTIPLE_CHOICE": "একাধিক পছন্দ, একাধিক উত্তর",
		"REORDER": "অনুচ্ছেদ পুনরায় অর্ডার করুন",
		"REA_DING": "পড়া: শূন্যস্থান পূরণ করুন",
		"READING_WRITING": "পড়া ও লেখা: শূন্যস্থান পূরণ করুন",
		"READ_ING": "পড়া",
		"SCORE_FEED_BACK": "স্কোর প্রতিক্রিয়া",
		"REAL_EXAM": "বাস্তব পরীক্ষা",
		"MOCK_TEST": "মৌখিক পরীক্ষা",
		"SUBMIT_OVERALL_TEXT": "'আপনার সামগ্রিক স্কোর জমা দিন",
		"SUBMIT_GRAMMER": "আপনার ব্যাকরণ স্কোর জমা দিন",
		"SUBMIT_WRITING": "আপনার লেখার স্কোর জমা দিন",
		"SUBMIT_SPEAKING": "আপনার স্পিকিং স্কোর জমা দিন",
		"SUBMIT_READING": "আপনার পড়ার স্কোর জমা দিন",
		"SUBMIT_LISTEN": "আপনার শোনার স্কোর জমা দিন",
		"SUBMIT_ORAL_FLUENCY": "আপনার মৌখিক ফ্লুয়েন্সি স্কোর জমা দিন",
		"SUBMIT_PRONOUN": "আপনার উচ্চারণ স্কোর জমা দিন",
		"SUBMIT_SPELL": "আপনার বানান স্কোর জমা দিন",
		"SUBMIT_VOCAB": "আপনার ভোকাব্লুরি স্কোর জমা দিন",
		"SUBMIT_DISCOURSE": "আপনার বক্তৃতা স্কোর জমা দিন",
		"SUBMIT_DATE": "তারিখ নির্বাচন করুন",
		"CATEGORY": "পরীক্ষার বিভাগ",
		"EXAM_DATE": "পরীক্ষার তারিখ",
		"SCORE_": "স্কোর",
		"PRONOUNCIATION": "উচ্চারণ",
		"ORAL_FLUENCY": "মৌখিক সাবলীলতা",
		"VOCABULARY": "শব্দভান্ডার",
		"WRITTING_DISCOURSE": "লিখিত বক্তৃতা",
		"RA": "জোরে জোরে পড়া",
		"RTL": "লেকচার পুনরায় বলুন",
		"RS": "বাক্য পুনরাবৃত্তি করুন",
		"ASQ": "সংক্ষিপ্ত প্রশ্নের উত্তর দিন",
		"DI": "চিত্র বর্ণনা করুন",
		"SWT": "সংক্ষিপ্ত লিখিত পাঠ্য",
		"WE": "প্রবন্ধ লিখুন",
		"ROP": "রি-অর্ডার PARAGRAPH",
		"RWFBI": "R&W: শূন্যস্থান পূরণ করুন",
		"RFBI": "পড়া শূন্যস্থান পূরণ করুন",
		"SS_T": "কথ্য পাঠ্য সংক্ষিপ্ত করুন",
		"MC_M": "MCQ- একাধিক",
		"FI_B": "শুন্যস্তান পূরণ",
		"MC_S": "MCQ- একক",
		"HC_S": "সঠিক সারসংক্ষেপ হাইলাইট করুন",
		"SM_W": "অনুপস্থিত শব্দ নির্বাচন করুন",
		"HIS": "হাইলাইট ভুল শব্দ",
		"WF_D": "ডিকটেশন থেকে লিখুন",
		"SUMMARIZE": "লিখিত টেক্সট সারসংক্ষেপ",
		"EASY": "রচনা লিখুন",
		"WRIT_ING": "লেখা",
		"VIEW_MORE": "আরো দেখুন",
		"SEARCH": "অনুসন্ধান করুন",
		"TYPE": "এখানে লিখুন..",
		"APPE_ARED": "হাজির",
		"HASH": "#",
		"READ_ALOUD": "জোরে জোরে পড়া",
		"REPEAT_SENTENCE": "বাক্য পুনরাবৃত্তি করুন",
		"DESCRIBE_IMAGE": "চিত্র বর্ণনা করুন",
		"RETELL_LECTURE": "বক্তৃতা পুনরায় বলুন",
		"ANSWER_SHORT": "সংক্ষিপ্ত প্রশ্নের উত্তর দিন",
		"STUDY": "পাঠ পরিকল্পনা",
		"TASK_COMPLETED": "কাজ সম্পূর্ণ",
		"NOT_COMPLETED": "টাস্ক সম্পূর্ণ হয়নি",
		"NO_LOGIN": "লগ ইন করেননি",
		"UPGRADE": "আপগ্রেড করুন",
		"PREM_IUM": "প্রিমিয়াম",
		"STUDY_PLAN": "আপনার স্টাডি-প্ল্যান দেখতে",
		"TASK_ASSIGNED": "কোন টাস্ক বরাদ্দ করা হয়নি",
		"PLEASE_SET_TARGET": "আপনার অধ্যয়ন পরিকল্পনা দেখতে আপনার লক্ষ্য স্কোর সেট করুন",
		"TEMPLATE_HEADING": "আমরা আপনার ডাউনলোড এবং প্রস্তুত করার জন্য আমাদের চেষ্টা করা এবং পরীক্ষিত টেমপ্লেট কাঠামো উপলব্ধ করেছি।",
		"OTP": "OTP লিখুন",
		"VERIFY": "যাচাই করুন",
		"RESENT_OTP": "OTP আবার পাঠান",
		"VERIFICATION": "প্রতিপাদন",
		"AN_ACCOUNT": "আমার একটি একাউন্ট আছে ?",
		"SEND": "পাঠান",
		"VERIFICATION_LINK": "ভেরিফিকেশন লিংক এখনো পাননি?",
		"SELECT_ACCOUNT": "একটি অ্যাকাউন্ট যাচাই পদ্ধতি নির্বাচন করুন",
		"RESEND": "আবার পাঠান",
		"SMS": "খুদেবার্তা",
		"ALL": "সব",
		"KNOWN": "পরিচিত",
		"UNKNOWN": "অজানা",
		"WORDS": "শব্দ",
		"AI_SCORE_": "এআই স্কোর",
		"DEVELOPMENT_STRUCTURE": "উন্নয়ন, কাঠামো এবং সমন্বয়",
		"GENERAL_LINGUISTIC": "সাধারণ ভাষাগত পরিসর",
		"PROGRESS": "অগ্রগতি",
		"GO_TO": "যাও",
		"PRAC_TICED": "অনুশীলন করেছেন",
		"NOT_PRACTICED": "অনুশীলন করা হয়নি",
		"PREDICTION": "ভবিষ্যদ্বাণী",
		"BOOKMARK": "বুকমার্ক",
		"EXTRA_PAGE_PASSING": "দুঃখিত আপনি এই পৃষ্ঠা অ্যাক্সেস করতে পারবেন না",
		"QUESTIONS": "প্রশ্ন",
		"SUMMMERY": "সারাংশ এবং বিমূর্ত",
		"SCRIPT": "লিপি",
		"X": "এক্স",
		"RECORDING": "রেকর্ডিং শুরু হবে",
		"BEGINNING": "মধ্যে শুরু",
		"AUDIO": "অডিও অনুমতি প্রয়োজন",
		"NO_SCORE": "এখনো দেখানোর জন্য কোনো স্কোর নেই",
		"GOOD_WORD": "ভাল শব্দ",
		"BAD_WORD": "গালি",
		"NOTE": "দ্রষ্টব্য: অডিও প্লেয়ার কিছু ডিভাইসে সামঞ্জস্যপূর্ণ নয়।",
		"ANNOTATION": "টীকা",
		"OVER_ALL_PRIDICTION": "সামগ্রিক স্কোর পূর্বাভাস শুধুমাত্র আপনার বর্তমান প্রতিক্রিয়া উপর ভিত্তি করে.",
		"LOW_SCORE": "নিম্ন স্কোর নিম্নোক্ত কারণে হতে পারে:",
		"MICROPHONE": "মাইক্রোফোন:",
		"MICROPHONE_TEXT": "একটি ভাল মাইক্রোফোন এবং এটি কীভাবে স্থাপন করা হয় তা একটি গুরুত্বপূর্ণ ভূমিকা পালন করে।",
		"PAUSES": "বিরতি:",
		"PAUSES_TEXT": "আপনার প্রতিক্রিয়া 2 বা তার বেশি সেকেন্ডের জন্য বিরতি থাকা উচিত নয়।",
		"MISSING_AUDIO": "অনুপস্থিত অডিও:",
		"AUD_IO": "কিছু মোবাইল ডিভাইসে অডিও প্লেয়ার সামঞ্জস্যপূর্ণ নয়।",
		"DICTIONARY": "অভিধান",
		"CLICK_WORD": "অভিধান চেক করতে শব্দ ক্লিক করুন",
		"REMOVE": "অপসারণ",
		"ADD_VOCAB_BANK": "Vocab ব্যাংকে যোগ করুন",
		"DEFINITION": "সংজ্ঞা",
		"EXAMPLE": "উদাহরণ",
		"FORGOT": "পাসওয়ার্ড ভুলে গেছেন",
		"CREATE_ACCOUNT": "হিসাব তৈরি কর",
		"HINDI": "হিন্দি",
		"PUNJABI": "পাঞ্জাবি",
		"STRATEGY": "কৌশল ভিডিও",
		"CATEGORIES": "ক্যাটাগরি",
		"SUBSCRIBE": "সাবস্ক্রাইব",
		"RESTRICTED": "প্রবেশ সীমিত",
		"UPGRADE_FEATURE": "এই বৈশিষ্ট্য অ্যাক্সেস করতে আপগ্রেড করুন",
		"SURE": "তুমি কি নিশ্চিত?",
		"PRACTICE_HISTORY": "এটি আপনার সমস্ত অনুশীলন ইতিহাস মুছে ফেলবে।",
		"ACTION": "আপনি এই ক্রিয়াটিকে পূর্বাবস্থায় ফেরাতে পারবেন না৷",
		"RE_SET": "রিসেট",
		"PREREQUISITES": "পূর্বশর্ত",
		"GOOGLE_APP": "AlfaPTE ব্যবহার চালিয়ে যেতে অনুগ্রহ করে Google অ্যাপ ইনস্টল করুন।",
		"ALREADY_INSTALL": "ইতিমধ্যে ইনস্টল করা হলে, এটি সক্রিয় করুন.",
		"INSTALL": "ইনস্টল করুন",
		"DOWNLOADING": "ডাউনলোড হচ্ছে",
		"APPEARED_AGAIN": "আবার হাজির",
		"HOME": "বাড়ি",
		"STUDY_PLAN_": "পাঠ পরিকল্পনা",
		"STRATEGIES": "কৌশল",
		"ACC_OUNT": "হিসাব",
		"BEGINNING_IN": "মধ্যে শুরু",
		"_SEC": "সেকেন্ড",
		"COMMENT": "মন্তব্য করুন",
		"ADD_COMMENT": "মন্তব্য যোগ করুন",
		"COMMENT_HERE": "এখানে মন্তব্য করুন...",
		"UNDERSTAND_PROCEED": "হ্যাঁ, আমি বুঝতে পেরেছি এবং আমি এগিয়ে যেতে চাই৷",
		"DELETE_PROFILE": "এই ক্রিয়াটি স্থায়ীভাবে আপনার প্রোফাইল মুছে ফেলবে৷",
		"LOST": "অনুশীলন সহ আপনার সমস্ত ডেটা। মক টেস্ট এবং সাবস্ক্রিপশন হারিয়ে যাবে।",
		"UNDO": "আপনি এই ক্রিয়াটিকে পূর্বাবস্থায় ফেরাতে পারবেন না৷",
		"DELETE": "মুছে ফেলা",
		"WHITE": "সাদা স্থান",
		"SUGGE_STION": "পরামর্শ:",
		"LOGOUT": "আপনি লগ আউট করতে চান?",
		"LOG_OUT": "প্রস্থান",
		"ACCESS_PHONE": "AI স্কোরিংয়ের জন্য আপনার অডিও প্রতিক্রিয়া রেকর্ড ও আপলোড করতে অনুগ্রহ করে অ্যাপটিকে আপনার ফোনের মাইক্রোফোন এবং স্টোরেজ অ্যাক্সেস করার অনুমতি দিন।",
		"DENY": "অস্বীকার করুন",
		"ALLOW": "অনুমতি দিন",
		"TIMING": "সময়:",
		"SHARE_VIA": "এর মাধ্যমে শেয়ার করুন",
		"WHATSAPP_INSTALLED": "আপনার ডিভাইসে WhatsApp ইনস্টল করা নিশ্চিত করুন",
		"TELEGRAM_INSTALLED": "আপনার ডিভাইসে টেলিগ্রাম ইনস্টল করা নিশ্চিত করুন",
		"CODE_COPIED": "কোড কপি করা হয়েছে",
		"VERSION": "সংস্করণ",
		"OTP_SENT": "ওটিপি পাঠানো হয়েছে",
		"INVALIDE_CODE": "ভুল সঙ্কেত.",
		"NUMBER_VERIFIED": "নম্বর যাচাই করা হয়েছে",
		"OTP_SEND": "Otp সফলভাবে পাঠান",
		"FREE_PREMIUM_PLAN": "ফ্রি প্রিমিয়াম প্ল্যান",
		"FREE_PLAN": "বিনামূল্যে পরিকল্পনা",
		"SELECT_EXAM_DATE": "আপনার পরীক্ষার তারিখ নির্বাচন করুন",
		"SUBMITTED": "সফলভাবে দাখিল হল",
		"AI_POWERED": "এআই-চালিত স্কোরিং",
		"SECTIONAL_MOCK_TEST": "বিভাগীয় মক টেস্ট",
		"FULL_MOCK_TEST": "সম্পূর্ণ মক টেস্ট",
		"STRATEGY_VIDEOS": "কৌশল ভিডিও",
		"WEEKLY_PREDICTIONS": "সাপ্তাহিক ভবিষ্যদ্বাণী",
		"PAYMENT_VERIFIED": "পেমেন্ট সফলভাবে যাচাই করা হয়েছে।",
		"VERIFICATION_FAILED": "অর্থপ্রদান যাচাই ব্যর্থ হয়েছে৷ যদি সফলভাবে অর্থ প্রদান করা হয়, অনুগ্রহ করে পরে `রিফ্রেশ পেমেন্ট স্ট্যাটাস` ক্লিক করুন",
		"ALFAPTE": "(আলফাপিটিই - পিটিই অনুশীলন অ্যাপ)",
		"PLANS": "পরিকল্পনা সমূহ",
		"REFRESH_PAYMENT": "পেমেন্ট স্ট্যাটাস রিফ্রেশ করুন",
		"FEATURES": "বৈশিষ্ট্য",
		"SELECT_PHOTO": "একটি ফটো নির্বাচন করুন",
		"TAKE_PHOTO": "ছবি তোল...",
		"CHOOSE_LIBRARY": "লাইব্রেরি থেকে বাছাই কর...",
		"PHONE_NUMBER": "ফোন নম্বর",
		"NO_FOUND": "কোনো অ্যাপ পাওয়া যায়নি",
		"EXPIRING_SOON": "শীঘ্রই মেয়াদ শেষ হচ্ছে",
		"RENEW_NOW": "এখনই রিনিউ করুন",
		"DOCUMENT_NO_FOUND": "কোন নথি আপলোড",
		"BOOKMARKED": "বুকমার্ক করা হয়েছে",
		"DELETE_SUCCESS": "সফলভাবে মুছে ফেলা হয়েছে৷",
		"YOUR": "তোমার",
		"USER": "ব্যবহারকারীর",
		"CORRECT_ANSWER": "সঠিক উত্তর",
		"USER_RESPONSE": "ব্যবহারকারীর প্রতিক্রিয়া",
		"AMERICAN": "মার্কিন",
		"BRITISH": "ব্রিটিশ",
		"CORRECT_WORDS": "সঠিক শব্দসমূহ",
		"MISSED_WORDS": "মিস শব্দ",
		"MISSPLET": "ভুল বানান/ভুল শব্দ",
		"CHECK_ERROR": "ত্রুটি পরীক্ষা করতে হাইলাইট শব্দে ক্লিক করুন",
		"LOGIN_FAIL": "ত্রুটি সহ লগইন ব্যর্থ:",
		"ALFA_RIGHT": "সর্বস্বত্ব সংরক্ষিত - আলফা পিটিই",
		"ALFA_RIGHTS": "সর্বস্বত্ব সংরক্ষিত - www.alfapte.com",
		"SELECT_ANSWER": "উত্তর নির্বাচন করুন",
		"WORD_REMOVE": "শব্দ সফলভাবে সরানো হয়েছে",
		"WORD_ADD": "শব্দ সফলভাবে যোগ করা হয়েছে",
		"SELECT_BLANK": "নির্বাচিত শূন্যস্থানে ড্রপ করতে যেকোনো শব্দে ক্লিক করুন",
		"CHANGE_ORDER": "বিকল্পটি দীর্ঘ-টিপে অর্ডার পরিবর্তন করুন",
		"SEE_OPTIONS": "অপশন দেখতে শূন্যস্থানে ক্লিক করুন",
		"VERIFICATION_LINK_SENT": "আপনার ইমেইলে একটি যাচাইকরণ লিঙ্ক পাঠানো হয়েছে",
		"ADD_NOTE": "নোট যোগ করুন",
		"NOTES": "মন্তব্য",
		"SAVE": "সংরক্ষণ",
		"ENTER_NOTE": "নোট লিখুন...",
		"WORD_NOT_FOUND": "শব্দ পাওয়া যায়নি",
		"LOAD_MORE": "আর ঢুকাও",
		"RESPONSE_LESS_THAN": "প্রতিক্রিয়া 15 সেকেন্ডের কম",
		"QUESTION_TITLE": "প্রশ্নের শিরোনাম / নম্বর",
		"STRATEGIES_VIDEOS": "কৌশল ভিডিও",
		"INSTALL_YOUTUBE": "আপনার ডিভাইসে ইউটিউব ইনস্টল করা নিশ্চিত করুন",
		"TARGET_UPDATE": "টার্গেট আপডেট করা হয়েছে",
		"SCORE_PRONUN": "এআই স্কোর এবং উচ্চারণ",
		"SCORE_CORRECTION": "এআই স্কোর এবং সংশোধন",
		"IMMEDIATE_FEEDBACK": "তাৎক্ষণিক প্রতিক্রিয়া",
		"DAILY_UPDATED": "প্রশ্ন প্রতিদিন আপডেট করা হয়",
		"SET_TARGET": "আপনার লক্ষ্য নির্ধারণ করুন",
		"YOUR_TARGET": "আপনার লক্ষ্য:",
		"HELLO": "হ্যালো",
		"NICE_DAY": "আপনার দিনটি শুভ হোক",
		"ALL_THE_BEST": "শুভকামনা",
		"SYSTEM_DETECT": "আপনি যা বলেছেন সিস্টেম কি সনাক্ত করেছে?",
		"DETECT_YOUR_VOICE": "সিস্টেম কি আপনার ভয়েস সনাক্ত করেছে?",
		"YOUR_VOOICE": "সিস্টেম আপনার ভয়েস সনাক্ত",
		"YES": "হ্যাঁ",
		"NO": "না",
		"SPEECH_COMPLETED": "বক্তৃতা ক্রমাঙ্কন সম্পন্ন হয়েছে.",
		"AI_SPEECH": "এআই স্পিচ ক্রমাঙ্কন",
		"INTELLIGENCE_SCORE": "পরবর্তী 3টি ধাপ কৃত্রিম বুদ্ধিমত্তা স্কোরিংয়ের জন্য আপনার বক্তৃতাকে ক্যালিব্রেট করবে।",
		"STEP": "ধাপ:",
		"OF": "এর",
		"KNO_WN": "পরিচিত",
		"UNK_NOWN": "অজানা",
		"LANGUAGE": "আপনার ভাষা নির্বাচন করুন",
		"SCORE_BRITISH": "এআই স্কোর (ব্রিটিশ)",
		"SCORE_AMERICAN": "এআই স্কোর (আমেরিকান)",
		"WORD_COUNT": "শব্দ গণনা:",
		"YOUR_SUMMARY": "এখানে আপনার সারাংশ টাইপ করুন..",
		"PLAY_BACK": "প্লেব্যাক",
		"SPEECH_TO_TEXT": "স্পিচ টু টেক্সট",
		"OK": "ঠিক আছে",
		"NO_RESULT": "দুঃখিত! কোন ফলাফল পাওয়া যায়নি",
		"YOUIR_ANSWER": "তোমার উত্তর",
		"BRI_TISH": "ব্রিটিশ:",
		"AMER_ICAN": "মার্কিন :",
		"USER_HASH": "ব্যবহারকারী #:",
		"SHOW": "দেখান",
		"HIDE": "লুকান",
		"VERIFICATION_SUCCESS": "যাচাইকরণ সফল",
		"APPLY": "আবেদন করুন",
		"NOTE_SAVE_SUCCESS": "নোট সফলভাবে সংরক্ষিত",
		"S_TASK": "এর টাস্ক",
		"LANGUAGES": "ভাষা",
		"SELECT_LANGUAGE": "ভাষা নির্বাচন কর",
		"READALL": "সব পড়া",
		"DELETEALL": "সব মুছে ফেলুন",
		"BUYNOW": "এখন কেন",
		"VIEWALL": "সব দেখ",
		"VIEWALLNOTIFICATIONS": "বিজ্ঞপ্তি দেখুন",
		"FORUM": "ফোরাম",
		"ERROR": "ত্রুটি",
		"COMMENT_S": "মন্তব্য করুন",
		"CATEGORY_C": "বিভাগ:",
		"NEWQUES": "নতুন প্রশ্ন",
		"ATTACHFILE": "ফাইল সংযুক্ত",
		"SUBMITLOWER": "জমা দিন",
		"AREYOUSURE": "আপনি কি নিশ্চিত আপনি সব মুছে দিতে চান?",
		"AREYOUSUREDELETE": "আপনি মুছে ফেলতে চান ?",
		"RENUE": "নবায়ন করুন",
		"ADDCOM": "মন্তব্য করুন",
		"NO_FORUM": "এখনও দেখানোর জন্য কোন ফোরাম নেই",
		"TRY_LATER": "কিছু সময় পরে চেষ্টা করুন"
	}
}
