{
	"translation": {
		"SESSION_EXPIRED": "会话过期！！",
		"PTE_PRACTICE_APP": "PTE 实践应用程序",
		"EMAIL": "电子邮件",
		"LOGIN_TITLE": "真实考试模拟和人工智能评分",
		"SUBTITLE": "登录最先进的 PTE 应用程序",
		"ENTER_YOUR_EMAIL": "输入你的电子邮箱",
		"PASSWORD": "密码",
		"ENTER_PASSWORD": "输入您的密码",
		"REMEMBER": "记得我",
		"FORGET_PASSWORD": "忘记密码了吗？",
		"LOGIN": "登录",
		"OR": "或者",
		"ACCOUNT": "没有帐户？",
		"SIGN_UP": "报名",
		"T_AND_C": "条款和条件",
		"NO_INTERNET": "没有网络连接",
		"TRANSACTION": "没有交易发生",
		"ACCOUNT_": "账户历史",
		"ACCOUNT_SHARE": "与朋友分享此链接并获得免费的高级时间",
		"FAQS": "常见问题",
		"POLICY": "隐私政策/用户协议",
		"TERMS": "条款和条件",
		"CHANGE_PASSWORD": "更改密码",
		"DARK_MODE": "黑暗模式",
		"NOTIFICATION": "通知",
		"PRIVACY": "隐私政策",
		"MANAGE_ACCOUNT": "管理帐户",
		"BUY": "买",
		"SHARE": "分享和赚取",
		"MT_CODE": "模拟测试代码",
		"CONTACT": "接触",
		"SPEECH_CALIBRATION": "语音校准",
		"SIGN_OUT": "登出",
		"TEST_CODE": "您已成功生成一次性解锁码。",
		"ALREADY_GENRATED": "您已经使用此设备生成了代码。之后再试",
		"DAY": "天。",
		"ENTER_PHONE": "输入您的电话",
		"VALID_MAIL": "请输入有效邮箱",
		"VALID_NAME": "请输入姓名",
		"VALID_NUMBER": "请输入号码",
		"VALID_PASSWORD": "请输入您的密码",
		"VALID_CONFIRM_PASSWORD": "请输入您的确认密码",
		"PASSWORD_MISMATCH": "密码不匹配",
		"VALID_CITY": "请输入城市名称",
		"ENTER_NAME": "输入你的名字",
		"NAME": "姓名",
		"CITY": "城市",
		"ENTER_CITY": "选择您的城市",
		"CONFIRM": "确认密码",
		"ENTER_CNFM_PASSWORD": "重新输入您的密码",
		"NEXT": "下一个",
		"JOIN": "现在加入",
		"ALREADY_ACCOUNT": "已经有一个帐户？",
		"SIGN_IN": "登入",
		"CANCEL": "取消",
		"SUBMIT": "提交",
		"PREMIUM_PLAN": "高级计划",
		"MEMBERSHIP_EXPIRE": "会员资格到期",
		"UPGRADE_PREMIUM": "升级到高级",
		"TRANSACTION_": "没有交易发生",
		"MANAGE_ACCO_UNT": "管理帐户",
		"CURRENT_PLAN": "当前计划",
		"DATE": "考试日期",
		"REQUIRED": "（必需的）",
		"DATE_FORMAT": "dd-mm-yyyy",
		"VENUE": "请选择您的考试地点",
		"EXAM_VENUE": "考试地点",
		"OPTIONAL": "（可选的）",
		"MEMORY": "考试记忆",
		"SHARE_MEMORY": "请分享您的考试记忆",
		"APPEARED": "这个问题出现在我的考试中",
		"APPEARED_TITLE": "通过确认这一点，您可以帮助其他考生准确预测他们的考试。",
		"SUB_MIT": "提交",
		"SUBSCRIPTION": "订阅",
		"OLD_PASS_VALID": "请输入您的旧密码",
		"NEW_PASS_VALID": "请输入您的新密码",
		"CONFIRM_PASS_VALID": "请输入您的确认密码",
		"PASS_WORD_MISMATCH": "密码不匹配",
		"OLD_PASSWORD": "当前密码",
		"NEW_PASSWORD": "新密码",
		"COUNTRY": "选择国家",
		"STATE": "选择州",
		"CI_TY": "选择城市",
		"SEARCH_YOUR_CITY": "搜索您的城市",
		"SEARCH_COUNTRY": "搜索国家",
		"SEARCH_STATE": "搜索状态",
		"SEARCH_CITY": "搜索城市",
		"FULL_NAME": "全名",
		"ADDRESS": "地址",
		"UPDATE": "更新个人信息",
		"RESET": "重置配置文件",
		"ISSUE": "选择类型",
		"TECHNICAL": "技术的",
		"OTHER": "其他",
		"ENTER_TITLE": "输入标题",
		"TITLE_HERE": "标题在这里",
		"PLE_ENTER_TITLE": "'请输入标题",
		"ENTER_DESCRIPTION": "请输入留言",
		"MESSAGE": "信息",
		"MESSAGE_HERE": "你的消息在这里",
		"DOCUMENT": "文件上传",
		"OVERALL": "全面的",
		"READING": "阅读",
		"WRITING": "写作",
		"LISTEN": "聆听",
		"SPEAKING": "请讲",
		"GRAMMAR": "语法",
		"FLUENCY": "流利度",
		"PRONOUN": "代词",
		"SPELLING": "拼写",
		"VOCAB": "词汇",
		"DISCOURSE": "话语",
		"SCORE_REPORT": "AI成绩报告分析",
		"REPORT": "报告分析",
		"HEADING": "下面提到的规则将帮助您阅读模块。建议您通过他们提高您的阅读成绩。",
		"HOURS": "小时",
		"MIN": "敏",
		"SEC": "秒",
		"DAYS": "天",
		"CON_FIRM": "确认",
		"PREMIUM": "优质的",
		"FREE PREMIUM": "免费保费",
		"EXAM_COUNT_DOWN": "考试倒计时",
		"COMPLETED": "完全的",
		"PRACTICE": "实践",
		"QUESTION": "问题",
		"STUDY_TOOL": "学习工具",
		"TEMPLATES": "模板",
		"TEMPLATE": "我们久经考验的模板供您下载和准备。",
		"PREDECTION": "预测",
		"PREDICT": "我们的每周预测文件包含重复机会较高的问题。",
		"GRAMMER": "这些语法规则将在阅读模块中帮助您。",
		"VOCAB_BANK": "您可以将困难的单词添加到此列表中以进行练习。",
		"VOC_AB": "词汇库",
		"SCORE": "分数反馈",
		"SCORE_FEEDBACK": "您将获得有关您之前分数的分析反馈。",
		"MARK": "打标",
		"MARKING": "这将为您提供每个问题的标记分解。",
		"ALFA": "阿尔法PTE",
		"NEW": "新的",
		"PREDI_CTION": "预言",
		"PRACTICED": "实践过",
		"REMAIN_TIME": "剩余时间",
		"COUNT": "字数",
		"SUMMARY": "在此处输入您的回复..",
		"TRANSCRIPT": "成绩单",
		"TIME": "时间",
		"ANSWER": "回答",
		"AI_SCORE": "人工智能得分",
		"ENABLING_SKILLS": "赋能技能",
		"CONTENT": "内容",
		"SPELLINGS": "拼写",
		"GRAM_MER": "语法",
		"FORM": "形式",
		"VOCABULARY_RANGE": "词汇范围",
		"YOUR_RESPONSE": "你的回应",
		"SUGGESTIONS": "建议",
		"TOTAL_WORDS": "总字数",
		"ENGLISH": "英语",
		"TIME_TAKEN": "用的时间",
		"MINUTE": "分钟",
		"SECOND": "第二",
		"TARGET_SCORE": "目标分数",
		"SST": "总结口语文本",
		"MCM": "多项选择，多项答案",
		"FIB": "填空",
		"HCS": "突出显示正确的摘要",
		"MCS": "多项选择，单选",
		"SMW": "选择缺失的单词",
		"HIC": "突出显示不正确的单词",
		"WFD": "从听写写",
		"LISTENING": "聆听",
		"FORCE_UPDATE": "有新的更新可用",
		"UPD_ATE": "更新",
		"UNDER_MAINTENCE": "正在维修",
		"PREDICTION_TITLE": "我们的每周预测文件将包含所有在即将到来的考试中重复机会更高的重要问题。",
		"MY_SCORE": "我的分数",
		"COMMUNITY_SCORE": "社区评分",
		"MULTIPLE_CHOICE": "多项选择，多项答案",
		"REORDER": "重新排序段落",
		"REA_DING": "阅读：填空",
		"READING_WRITING": "阅读与写作：填空",
		"READ_ING": "阅读",
		"SCORE_FEED_BACK": "分数反馈",
		"REAL_EXAM": "真实考试",
		"MOCK_TEST": "模拟测试",
		"SUBMIT_OVERALL_TEXT": "'请提交你的总分",
		"SUBMIT_GRAMMER": "请提交您的语法分数",
		"SUBMIT_WRITING": "请提交您的写作分数",
		"SUBMIT_SPEAKING": "请提交您的口语成绩",
		"SUBMIT_READING": "请提交您的阅读成绩",
		"SUBMIT_LISTEN": "请提交您的听力分数",
		"SUBMIT_ORAL_FLUENCY": "请提交您的口头流利分数",
		"SUBMIT_PRONOUN": "请提交您的发音分数",
		"SUBMIT_SPELL": "请提交您的拼写分数",
		"SUBMIT_VOCAB": "请提交您的词汇分数",
		"SUBMIT_DISCOURSE": "请提交您的演讲分数",
		"SUBMIT_DATE": "请选择日期",
		"CATEGORY": "考试类别",
		"EXAM_DATE": "考试日期",
		"SCORE_": "分数",
		"PRONOUNCIATION": "发音",
		"ORAL_FLUENCY": "口语流利度",
		"VOCABULARY": "词汇",
		"WRITTING_DISCOURSE": "书面话语",
		"RA": "大声朗读",
		"RTL": "转述讲座",
		"RS": "重复句子",
		"ASQ": "回答简短问题",
		"DI": "描述图片",
		"SWT": "总结书面文本",
		"WE": "写论文",
		"ROP": "重新排序段落",
		"RWFBI": "R&W：填空",
		"RFBI": "阅读填空",
		"SS_T": "总结口语文本",
		"MC_M": "MCQ-多重",
		"FI_B": "填空",
		"MC_S": "MCQ-单人",
		"HC_S": "突出正确的总结",
		"SM_W": "选择缺失的单词",
		"HIS": "突出显示不正确的单词",
		"WF_D": "从听写写",
		"SUMMARIZE": "总结书面文本",
		"EASY": "写论文",
		"WRIT_ING": "写作",
		"VIEW_MORE": "查看更多",
		"SEARCH": "搜索",
		"TYPE": "在此输入..",
		"APPE_ARED": "出现",
		"HASH": "#",
		"READ_ALOUD": "大声朗读",
		"REPEAT_SENTENCE": "重复句子",
		"DESCRIBE_IMAGE": "描述图像",
		"RETELL_LECTURE": "复述讲座",
		"ANSWER_SHORT": "回答简短问题",
		"STUDY": "学习计划",
		"TASK_COMPLETED": "任务完成",
		"NOT_COMPLETED": "任务未完成",
		"NO_LOGIN": "没有登录",
		"UPGRADE": "请升级到",
		"PREM_IUM": "优质的",
		"STUDY_PLAN": "查看您的学习计划",
		"TASK_ASSIGNED": "未分配任何任务",
		"PLEASE_SET_TARGET": "请设置您的目标分数以查看您的学习计划",
		"TEMPLATE_HEADING": "我们提供了我们久经考验的模板结构供您下载和准备。",
		"OTP": "输入一次性密码",
		"VERIFY": "核实",
		"RESENT_OTP": "重新发送一次性密码",
		"VERIFICATION": "确认",
		"AN_ACCOUNT": "我有账号？",
		"SEND": "发送",
		"VERIFICATION_LINK": "还没收到验证链接？",
		"SELECT_ACCOUNT": "选择一种帐户验证方法",
		"RESEND": "重发",
		"SMS": "短信",
		"ALL": "全部",
		"KNOWN": "已知",
		"UNKNOWN": "未知",
		"WORDS": "字",
		"AI_SCORE_": "人工智能分数",
		"DEVELOPMENT_STRUCTURE": "发展、结构和连贯性",
		"GENERAL_LINGUISTIC": "一般语言范围",
		"PROGRESS": "进步",
		"GO_TO": "去",
		"PRAC_TICED": "实践过",
		"NOT_PRACTICED": "没练过",
		"PREDICTION": "预言",
		"BOOKMARK": "书签",
		"EXTRA_PAGE_PASSING": "抱歉，您无法访问此页面",
		"QUESTIONS": "问题",
		"SUMMMERY": "摘要与摘要",
		"SCRIPT": "脚本",
		"X": "X",
		"RECORDING": "录制将于",
		"BEGINNING": "开始于",
		"AUDIO": "需要音频权限",
		"NO_SCORE": "还没有得分",
		"GOOD_WORD": "良言",
		"BAD_WORD": "脏话",
		"NOTE": "注意：音频播放器在某些设备中不兼容。",
		"ANNOTATION": "注释",
		"OVER_ALL_PRIDICTION": "总分预测仅基于您当前的回答。",
		"LOW_SCORE": "低分可能是由于以下原因：",
		"MICROPHONE": "麦克风：",
		"MICROPHONE_TEXT": "一个好的麦克风及其放置方式起着重要作用。",
		"PAUSES": "暂停：",
		"PAUSES_TEXT": "您的回复不得包含 2 秒或更长时间的停顿。",
		"MISSING_AUDIO": "缺少音频：",
		"AUD_IO": "音频播放器在某些移动设备中不兼容。",
		"DICTIONARY": "字典",
		"CLICK_WORD": "单击单词以检查字典",
		"REMOVE": "消除",
		"ADD_VOCAB_BANK": "添加到词汇库",
		"DEFINITION": "定义",
		"EXAMPLE": "例子",
		"FORGOT": "忘记密码",
		"CREATE_ACCOUNT": "创建账户",
		"HINDI": "印地语",
		"PUNJABI": "旁遮普语",
		"STRATEGY": "策略视频",
		"CATEGORIES": "类别",
		"SUBSCRIBE": "订阅",
		"RESTRICTED": "禁止进入",
		"UPGRADE_FEATURE": "请升级以访问此功能",
		"SURE": "你确定吗？",
		"PRACTICE_HISTORY": "这将删除您的所有练习历史记录。",
		"ACTION": "您无法撤消此操作。",
		"RE_SET": "重置",
		"PREREQUISITES": "先决条件",
		"GOOGLE_APP": "请安装 Google 应用程序以继续使用 AlfaPTE。",
		"ALREADY_INSTALL": "如果已经安装，请启用它。",
		"INSTALL": "安装",
		"DOWNLOADING": "下载",
		"APPEARED_AGAIN": "再次出现",
		"HOME": "家",
		"STUDY_PLAN_": "学习计划",
		"STRATEGIES": "策略",
		"ACC_OUNT": "帐户",
		"BEGINNING_IN": "开始于",
		"_SEC": "秒",
		"COMMENT": "评论",
		"ADD_COMMENT": "请添加评论",
		"COMMENT_HERE": "在这里评论...",
		"UNDERSTAND_PROCEED": "是的，我明白并且我想继续",
		"DELETE_PROFILE": "此操作将永久删除您的个人资料。",
		"LOST": "您的所有数据，包括练习。模拟测试和订阅将丢失。",
		"UNDO": "您无法撤消此操作。",
		"DELETE": "删除",
		"WHITE": "空白",
		"SUGGE_STION": "建议 ：",
		"LOGOUT": "您确定要退出吗？",
		"LOG_OUT": "登出",
		"ACCESS_PHONE": "请允许该应用访问您手机的麦克风和存储空间，以记录和上传您的音频响应以进行 AI 评分。",
		"DENY": "否定",
		"ALLOW": "允许",
		"TIMING": "时间：",
		"SHARE_VIA": "分享方式",
		"WHATSAPP_INSTALLED": "确保您的设备上安装了 WhatsApp",
		"TELEGRAM_INSTALLED": "确保您的设备上安装了 Telegram",
		"CODE_COPIED": "已复制代码",
		"VERSION": "版本",
		"OTP_SENT": "一次性密码发送",
		"INVALIDE_CODE": "无效的代码。",
		"NUMBER_VERIFIED": "已验证号码",
		"OTP_SEND": "otp发送成功",
		"FREE_PREMIUM_PLAN": "免费高级计划",
		"FREE_PLAN": "免费计划",
		"SELECT_EXAM_DATE": "请选择您的考试日期",
		"SUBMITTED": "提交成功",
		"AI_POWERED": "人工智能评分",
		"SECTIONAL_MOCK_TEST": "分段模拟测试",
		"FULL_MOCK_TEST": "完整的模拟测试",
		"STRATEGY_VIDEOS": "策略视频",
		"WEEKLY_PREDICTIONS": "每周预测",
		"PAYMENT_VERIFIED": "付款验证成功。",
		"VERIFICATION_FAILED": "付款验证失败。如果支付成功，请稍后点击“刷新支付状态”",
		"ALFAPTE": "（AlfaPTE - PTE 练习应用程序）",
		"PLANS": "计划",
		"REFRESH_PAYMENT": "刷新付款状态",
		"FEATURES": "特征",
		"SELECT_PHOTO": "选择一张照片",
		"TAKE_PHOTO": "拍照...",
		"CHOOSE_LIBRARY": "从图书馆挑选...",
		"PHONE_NUMBER": "电话号码",
		"NO_FOUND": "未找到应用",
		"EXPIRING_SOON": "即将到期",
		"RENEW_NOW": "现在续约",
		"DOCUMENT_NO_FOUND": "上传未找到的文件",
		"BOOKMARKED": "已收藏",
		"DELETE_SUCCESS": "删除成功",
		"YOUR": "您的",
		"USER": "用户的",
		"CORRECT_ANSWER": "正确答案",
		"USER_RESPONSE": "用户的回应",
		"AMERICAN": "美国人",
		"BRITISH": "英国",
		"CORRECT_WORDS": "正确的话",
		"MISSED_WORDS": "漏掉的单词",
		"MISSPLET": "拼写错误/错误的单词",
		"CHECK_ERROR": "请单击突出显示的单词以检查错误",
		"LOGIN_FAIL": "登录失败并出现错误：",
		"ALFA_RIGHT": "保留所有权利 - 阿尔法 PTE",
		"ALFA_RIGHTS": "保留所有权利 - www.alfapte.com",
		"SELECT_ANSWER": "选择答案",
		"WORD_REMOVE": "成功删除单词",
		"WORD_ADD": "单词添加成功",
		"SELECT_BLANK": "单击任何单词以放入选定的空白处",
		"CHANGE_ORDER": "长按选项更改订单",
		"SEE_OPTIONS": "点击空白处查看选项",
		"VERIFICATION_LINK_SENT": "验证链接已发送到您的电子邮箱",
		"ADD_NOTE": "请添加备注",
		"NOTES": "笔记",
		"SAVE": "节省",
		"ENTER_NOTE": "输入注释...",
		"WORD_NOT_FOUND": "找不到词",
		"LOAD_MORE": "装载更多",
		"RESPONSE_LESS_THAN": "响应时间少于 15 秒",
		"QUESTION_TITLE": "问题标题/编号",
		"STRATEGIES_VIDEOS": "策略视频",
		"INSTALL_YOUTUBE": "确保您的设备上安装了 Youtube",
		"TARGET_UPDATE": "目标更新",
		"SCORE_PRONUN": "Ai 分数和发音",
		"SCORE_CORRECTION": "Ai 评分与修正",
		"IMMEDIATE_FEEDBACK": "即时反馈",
		"DAILY_UPDATED": "问题每日更新",
		"SET_TARGET": "设定你的目标",
		"YOUR_TARGET": "你的目标：",
		"HELLO": "你好",
		"NICE_DAY": "祝你今天过得愉快",
		"ALL_THE_BEST": "一切顺利",
		"SYSTEM_DETECT": "系统检测到你说什么了吗？",
		"DETECT_YOUR_VOICE": "系统检测到你的声音了吗？",
		"YOUR_VOOICE": "系统检测到你的声音了吗",
		"YES": "是的",
		"NO": "不",
		"SPEECH_COMPLETED": "语音校准已完成。",
		"AI_SPEECH": "人工智能语音校准",
		"INTELLIGENCE_SCORE": "接下来的 3 个步骤将校准您的语音以进行人工智能评分。",
		"STEP": "步：",
		"OF": "的",
		"KNO_WN": "已知",
		"UNK_NOWN": "未知",
		"LANGUAGE": "选择你的语言",
		"SCORE_BRITISH": "人工智能得分（英国）",
		"SCORE_AMERICAN": "AI评分（美国）",
		"WORD_COUNT": "字数：",
		"YOUR_SUMMARY": "在此处输入您的摘要..",
		"PLAY_BACK": "回放",
		"SPEECH_TO_TEXT": "语音转文本",
		"OK": "好的",
		"NO_RESULT": "对不起！没有找到结果",
		"YOUIR_ANSWER": "你的答案",
		"BRI_TISH": "英国：",
		"AMER_ICAN": "美国人 ：",
		"USER_HASH": "用户#:",
		"SHOW": "节目",
		"HIDE": "隐藏",
		"VERIFICATION_SUCCESS": "验证成功",
		"APPLY": "申请",
		"NOTE_SAVE_SUCCESS": "笔记保存成功",
		"S_TASK": "的任务",
		"LANGUAGES": "语言",
		"SELECT_LANGUAGE": "选择语言",
		"READALL": "阅读全部",
		"DELETEALL": "删除所有",
		"BUYNOW": "立即购买",
		"VIEWALL": "查看全部",
		"VIEWALLNOTIFICATIONS": "查看通知",
		"FORUM": "论坛",
		"ERROR": "错误",
		"COMMENT_S": "评论",
		"CATEGORY_C": "类别 ：",
		"NEWQUES": "新问题",
		"ATTACHFILE": "附加文件",
		"SUBMITLOWER": "提交",
		"AREYOUSURE": "您确定要全部删除吗？",
		"AREYOUSUREDELETE": "你确定你要删除 ？",
		"RENUE": "更新",
		"ADDCOM": "评论",
		"NO_FORUM": "尚无论坛可展示",
		"TRY_LATER": "请稍后再试"
	}
}
