{
	"translation": {
		"SESSION_EXPIRED": "¡¡Sesión expirada!!",
		"PTE_PRACTICE_APP": "APLICACIÓN DE PRÁCTICA DE PTE",
		"EMAIL": "Correo electrónico",
		"LOGIN_TITLE": "Simulación de examen real y puntuación de IA",
		"SUBTITLE": "Inicie sesión en la aplicación PTE más avanzada con",
		"ENTER_YOUR_EMAIL": "Introduce tu correo electrónico",
		"PASSWORD": "Clave",
		"ENTER_PASSWORD": "Ingresa tu contraseña",
		"REMEMBER": "Recuérdame",
		"FORGET_PASSWORD": "¿Olvidaste tu contraseña?",
		"LOGIN": "Acceso",
		"OR": "O",
		"ACCOUNT": "¿No tienes una cuenta?",
		"SIGN_UP": "Inscribirse",
		"T_AND_C": "Términos y condiciones",
		"NO_INTERNET": "Sin conexión a Internet",
		"TRANSACTION": "No se produjo ninguna transacción",
		"ACCOUNT_": "Historial de la cuenta",
		"ACCOUNT_SHARE": "Comparta este enlace con amigos y obtenga horas premium GRATIS",
		"FAQS": "preguntas frecuentes",
		"POLICY": "Política de privacidad / Acuerdo de usuario",
		"TERMS": "Términos y condiciones",
		"CHANGE_PASSWORD": "Cambia la contraseña",
		"DARK_MODE": "Modo oscuro",
		"NOTIFICATION": "Notificación",
		"PRIVACY": "Política de privacidad",
		"MANAGE_ACCOUNT": "Administrar cuenta",
		"BUY": "Comprar",
		"SHARE": "Comparte y gana",
		"MT_CODE": "Códigos de prueba simulados",
		"CONTACT": "Contacto",
		"SPEECH_CALIBRATION": "Calibración de voz",
		"SIGN_OUT": "Desconectar",
		"TEST_CODE": "Ha generado con éxito un código de desbloqueo de un solo uso.",
		"ALREADY_GENRATED": "Ya has generado un código usando este dispositivo. Inténtalo de nuevo después",
		"DAY": "días.",
		"ENTER_PHONE": "Ingrese su teléfono",
		"VALID_MAIL": "Por favor introduzca un correo electrónico válido",
		"VALID_NAME": "Ingrese el nombre",
		"VALID_NUMBER": "Por favor ingrese el número",
		"VALID_PASSWORD": "Por favor, introduzca su contraseña",
		"VALID_CONFIRM_PASSWORD": "Por favor ingrese su contraseña de confirmación",
		"PASSWORD_MISMATCH": "La contraseña no coincide",
		"VALID_CITY": "Ingrese el nombre de la ciudad",
		"ENTER_NAME": "Introduzca su nombre",
		"NAME": "Nombre",
		"CITY": "Ciudad",
		"ENTER_CITY": "Seleccione su ciudad",
		"CONFIRM": "Confirmar contraseña",
		"ENTER_CNFM_PASSWORD": "Reingresa tu contraseña",
		"NEXT": "próximo",
		"JOIN": "Únete ahora",
		"ALREADY_ACCOUNT": "¿Ya tienes una cuenta?",
		"SIGN_IN": "Registrarse",
		"CANCEL": "Cancelar",
		"SUBMIT": "ENVIAR",
		"PREMIUM_PLAN": "Plan Premium",
		"MEMBERSHIP_EXPIRE": "La membresía caduca el",
		"UPGRADE_PREMIUM": "Mejorado a Premium",
		"TRANSACTION_": "No se produjo ninguna transacción",
		"MANAGE_ACCO_UNT": "Administrar cuenta",
		"CURRENT_PLAN": "Plan actual",
		"DATE": "Fecha del examen",
		"REQUIRED": "(Requerido)",
		"DATE_FORMAT": "dd-mm-aaaa",
		"VENUE": "Seleccione el lugar de su examen",
		"EXAM_VENUE": "Lugar del examen",
		"OPTIONAL": "(opcional)",
		"MEMORY": "Memoria de examen",
		"SHARE_MEMORY": "Comparta la memoria de su examen",
		"APPEARED": "ESTA PREGUNTA HA APARECIADO EN MI EXAMEN",
		"APPEARED_TITLE": "Al confirmar esto, puede ayudar a otros examinados a obtener una predicción precisa para su examen.",
		"SUB_MIT": "Enviar",
		"SUBSCRIPTION": "Suscripción",
		"OLD_PASS_VALID": "Por favor ingrese su antigua contraseña",
		"NEW_PASS_VALID": "Por favor ingrese su nueva contraseña",
		"CONFIRM_PASS_VALID": "Por favor ingrese su contraseña de confirmación",
		"PASS_WORD_MISMATCH": "Las contraseñas no coinciden",
		"OLD_PASSWORD": "contraseña actual",
		"NEW_PASSWORD": "Nueva contraseña",
		"COUNTRY": "Seleccionar país",
		"STATE": "Seleccione estado",
		"CI_TY": "Ciudad selecta",
		"SEARCH_YOUR_CITY": "Busca tu ciudad",
		"SEARCH_COUNTRY": "Buscar país",
		"SEARCH_STATE": "Estado de búsqueda",
		"SEARCH_CITY": "Buscar ciudad",
		"FULL_NAME": "Nombre completo",
		"ADDRESS": "Dirección",
		"UPDATE": "Actualización del perfil",
		"RESET": "Restablecer perfil",
		"ISSUE": "Seleccione tipo",
		"TECHNICAL": "Técnico",
		"OTHER": "Otro",
		"ENTER_TITLE": "Ingrese el título",
		"TITLE_HERE": "Título va aquí",
		"PLE_ENTER_TITLE": "'Por favor ingrese el título",
		"ENTER_DESCRIPTION": "Por favor ingrese el mensaje",
		"MESSAGE": "Mensaje",
		"MESSAGE_HERE": "Su mensaje va aquí",
		"DOCUMENT": "Carga de documentos",
		"OVERALL": "General",
		"READING": "Lectura",
		"WRITING": "Escritura",
		"LISTEN": "Escuchando",
		"SPEAKING": "Discurso",
		"GRAMMAR": "Gramática",
		"FLUENCY": "Fluidez",
		"PRONOUN": "Pronombre",
		"SPELLING": "Ortografía",
		"VOCAB": "vocabulario",
		"DISCOURSE": "Discurso",
		"SCORE_REPORT": "Análisis de informe de puntuación de IA",
		"REPORT": "INFORME ANALIZADO",
		"HEADING": "Las reglas que se mencionan a continuación le ayudarán en los módulos de lectura. se le recomienda pasar por ellos para mejorar sus puntajes de lectura.",
		"HOURS": "Horas",
		"MIN": "mínimo",
		"SEC": "Segundo",
		"DAYS": "Días",
		"CON_FIRM": "Confirmar",
		"PREMIUM": "DE PRIMERA CALIDAD",
		"FREE PREMIUM": "PRIMA GRATIS",
		"EXAM_COUNT_DOWN": "Cuenta regresiva del examen",
		"COMPLETED": "Terminado",
		"PRACTICE": "Práctica",
		"QUESTION": "Pregunta",
		"STUDY_TOOL": "Herramientas de estudio",
		"TEMPLATES": "Plantillas",
		"TEMPLATE": "Nuestras plantillas probadas para que las descargues y las prepares.",
		"PREDECTION": "predicciones",
		"PREDICT": "Nuestros archivos de predicción semanales contienen preguntas que tienen una mayor probabilidad de repetición.",
		"GRAMMER": "estas reglas gramaticales te ayudarán en el módulo de Lectura.",
		"VOCAB_BANK": "Puede agregar palabras difíciles a esta lista para practicar.",
		"VOC_AB": "Banco de vocabulario",
		"SCORE": "Puntuación-Comentarios",
		"SCORE_FEEDBACK": "Obtendrá una retroalimentación analizada sobre su puntaje anterior.",
		"MARK": "Calificación",
		"MARKING": "Esto le proporcionará un desglose de calificación de cada pregunta.",
		"ALFA": "AlfaPTE",
		"NEW": "Nuevo",
		"PREDI_CTION": "Predicción",
		"PRACTICED": "Experto",
		"REMAIN_TIME": "Tiempo restante",
		"COUNT": "El recuento de palabras",
		"SUMMARY": "Escriba su respuesta aquí..",
		"TRANSCRIPT": "Transcripción",
		"TIME": "Tiempo",
		"ANSWER": "Responder",
		"AI_SCORE": "PUNTUACIÓN IA",
		"ENABLING_SKILLS": "Habilitación de habilidades",
		"CONTENT": "Contenido",
		"SPELLINGS": "ortografía",
		"GRAM_MER": "Gramática",
		"FORM": "Forma",
		"VOCABULARY_RANGE": "Rango de vocabulario",
		"YOUR_RESPONSE": "Tu respuesta",
		"SUGGESTIONS": "Sugerencias",
		"TOTAL_WORDS": "Palabras totales",
		"ENGLISH": "inglés",
		"TIME_TAKEN": "TIEMPO TOMADO",
		"MINUTE": "Minuto",
		"SECOND": "Segundo",
		"TARGET_SCORE": "Puntaje objetivo",
		"SST": "Resumir texto hablado",
		"MCM": "Opción múltiple, respuesta múltiple",
		"FIB": "Rellenar los espacios en blanco",
		"HCS": "Resalte el resumen correcto",
		"MCS": "Opción múltiple, respuesta única",
		"SMW": "Seleccione la palabra que falta",
		"HIC": "Resaltar palabras incorrectas",
		"WFD": "Escribir desde el dictado",
		"LISTENING": "ESCUCHANDO",
		"FORCE_UPDATE": "Nueva actualización disponible",
		"UPD_ATE": "Actualizar",
		"UNDER_MAINTENCE": "En mantenimiento",
		"PREDICTION_TITLE": "Nuestros archivos de predicción semanal contendrán todas las preguntas importantes que tienen mayores posibilidades de repetición en los próximos exámenes.",
		"MY_SCORE": "Mi puntaje",
		"COMMUNITY_SCORE": "Puntuación de la comunidad",
		"MULTIPLE_CHOICE": "Opción múltiple, respuestas múltiples",
		"REORDER": "Reordenar párrafo",
		"REA_DING": "Lectura: Completa los espacios en blanco",
		"READING_WRITING": "Leer y escribir: llenar los espacios en blanco",
		"READ_ING": "LECTURA",
		"SCORE_FEED_BACK": "Comentarios sobre la puntuación",
		"REAL_EXAM": "examen real",
		"MOCK_TEST": "Simulacros de examen",
		"SUBMIT_OVERALL_TEXT": "'Envíe su puntaje general",
		"SUBMIT_GRAMMER": "Por favor envíe su puntaje de gramática",
		"SUBMIT_WRITING": "Por favor envíe su puntaje de escritura",
		"SUBMIT_SPEAKING": "Por favor envíe su puntuación de habla",
		"SUBMIT_READING": "Por favor envíe su puntaje de lectura",
		"SUBMIT_LISTEN": "Por favor envíe su puntaje de escucha",
		"SUBMIT_ORAL_FLUENCY": "Envíe su puntaje de fluidez oral",
		"SUBMIT_PRONOUN": "Envíe su puntaje de pronunciación",
		"SUBMIT_SPELL": "Por favor envíe su puntaje de ortografía",
		"SUBMIT_VOCAB": "Por favor envíe su puntuación de vocabulario",
		"SUBMIT_DISCOURSE": "Envíe su puntaje de discurso",
		"SUBMIT_DATE": "Por favor seleccione la fecha",
		"CATEGORY": "Categoría de examen",
		"EXAM_DATE": "Fecha del examen",
		"SCORE_": "Puntaje",
		"PRONOUNCIATION": "Pronunciación",
		"ORAL_FLUENCY": "fluidez oral",
		"VOCABULARY": "Vocabulario",
		"WRITTING_DISCOURSE": "discurso escrito",
		"RA": "LEER EN VOZ ALTA",
		"RTL": "CONFERENCIA RE-CONTAR",
		"RS": "REPETIR LA ORACIÓN",
		"ASQ": "RESPONDER PREGUNTA CORTA",
		"DI": "DESCRIBE LA IMAGEN",
		"SWT": "RESUMEN DEL TEXTO ESCRITO",
		"WE": "ESCRIBIR ENSAYO",
		"ROP": "REORDENAR PÁRRAFO",
		"RWFBI": "R&W: LLENAR LOS ESPACIOS EN BLANCO",
		"RFBI": "LEER LLENAR LOS ESPACIOS EN BLANCO",
		"SS_T": "RESUMEN DEL TEXTO HABLADO",
		"MC_M": "MCQ-MÚLTIPLES",
		"FI_B": "RELLENAR LOS ESPACIOS EN BLANCO",
		"MC_S": "MCQ-SINGLE",
		"HC_S": "DESTACAR RESUMEN CORRECTO",
		"SM_W": "SELECCIONE LA PALABRA QUE FALTA",
		"HIS": "DESTACAR PALABRAS INCORRECTAS",
		"WF_D": "ESCRIBIR DE DICTADO",
		"SUMMARIZE": "Resumir texto escrito",
		"EASY": "escribir ensayo",
		"WRIT_ING": "ESCRITURA",
		"VIEW_MORE": "Ver más",
		"SEARCH": "Búsqueda",
		"TYPE": "Escriba aquí..",
		"APPE_ARED": "Apareció",
		"HASH": "#",
		"READ_ALOUD": "Leer en voz alta",
		"REPEAT_SENTENCE": "Repetir oración",
		"DESCRIBE_IMAGE": "Describir imagen",
		"RETELL_LECTURE": "Volver a contar la conferencia",
		"ANSWER_SHORT": "Responder pregunta corta",
		"STUDY": "Plan de estudios",
		"TASK_COMPLETED": "Tarea terminada",
		"NOT_COMPLETED": "Tarea no completada",
		"NO_LOGIN": "no inició sesión",
		"UPGRADE": "Actualice a",
		"PREM_IUM": "De primera calidad",
		"STUDY_PLAN": "para ver tu Plan de Estudios",
		"TASK_ASSIGNED": "No se ha asignado ninguna tarea.",
		"PLEASE_SET_TARGET": "Establezca su puntaje objetivo para ver su plan de estudio",
		"TEMPLATE_HEADING": "Hemos puesto a su disposición nuestra estructura de plantillas probada y comprobada para que la descargue y la prepare.",
		"OTP": "Ingresar OTP",
		"VERIFY": "Verificar",
		"RESENT_OTP": "Reenviar OTP",
		"VERIFICATION": "Verificación",
		"AN_ACCOUNT": "Tengo una cuenta ?",
		"SEND": "Enviar",
		"VERIFICATION_LINK": "¿Aún no has recibido el enlace de verificación?",
		"SELECT_ACCOUNT": "Seleccione un método de verificación de cuenta",
		"RESEND": "reenviar",
		"SMS": "SMS",
		"ALL": "Todos",
		"KNOWN": "Conocido",
		"UNKNOWN": "Desconocido",
		"WORDS": "PALABRAS",
		"AI_SCORE_": "Puntaje de IA",
		"DEVELOPMENT_STRUCTURE": "Desarrollo, Estructura y Coherencia",
		"GENERAL_LINGUISTIC": "Rango lingüístico general",
		"PROGRESS": "Progreso",
		"GO_TO": "Ir",
		"PRAC_TICED": "Experto",
		"NOT_PRACTICED": "no practicado",
		"PREDICTION": "PREDICCIÓN",
		"BOOKMARK": "MARCADOR",
		"EXTRA_PAGE_PASSING": "Lo siento, no puedes acceder a esta página.",
		"QUESTIONS": "Preguntas",
		"SUMMMERY": "Resumen y Resumen",
		"SCRIPT": "Guion",
		"X": "X",
		"RECORDING": "La grabación comenzará en",
		"BEGINNING": "Empezando en",
		"AUDIO": "Permiso de audio requerido",
		"NO_SCORE": "NO HAY PUNTUACIÓN PARA MOSTRAR AÚN",
		"GOOD_WORD": "Buenas palabras",
		"BAD_WORD": "Malas palabras",
		"NOTE": "Nota: el reproductor de audio no es compatible con algunos de los dispositivos.",
		"ANNOTATION": "Anotaciones",
		"OVER_ALL_PRIDICTION": "La predicción de puntaje general se basa únicamente en su respuesta actual.",
		"LOW_SCORE": "Una puntuación baja podría deberse a las siguientes razones:",
		"MICROPHONE": "Micrófono:",
		"MICROPHONE_TEXT": "Un buen micrófono y cómo se coloca juega un papel importante.",
		"PAUSES": "pausas:",
		"PAUSES_TEXT": "Su respuesta no debe contener pausas de 2 o más segundos de duración.",
		"MISSING_AUDIO": "Audio faltante:",
		"AUD_IO": "El reproductor de audio no es compatible con algunos de los dispositivos móviles.",
		"DICTIONARY": "DICCIONARIO",
		"CLICK_WORD": "Haga clic en palabras para consultar el diccionario",
		"REMOVE": "Remover",
		"ADD_VOCAB_BANK": "Agregar al banco de vocabulario",
		"DEFINITION": "Definición",
		"EXAMPLE": "Ejemplo",
		"FORGOT": "HAS OLVIDADO TU CONTRASEÑA",
		"CREATE_ACCOUNT": "Crear una cuenta",
		"HINDI": "hindi",
		"PUNJABI": "punjabi",
		"STRATEGY": "Vídeos de estrategia",
		"CATEGORIES": "Categorías",
		"SUBSCRIBE": "SUSCRIBIR",
		"RESTRICTED": "ACCESO RESTRINGIDO",
		"UPGRADE_FEATURE": "Actualice para acceder a esta función",
		"SURE": "¿Está seguro?",
		"PRACTICE_HISTORY": "Esto eliminará todo su historial de práctica.",
		"ACTION": "No puede deshacer esta acción.",
		"RE_SET": "Reiniciar",
		"PREREQUISITES": "requisitos previos",
		"GOOGLE_APP": "Instale la aplicación de Google para continuar usando AlfaPTE.",
		"ALREADY_INSTALL": "Si ya está instalado, habilítelo.",
		"INSTALL": "Instalar",
		"DOWNLOADING": "Descargando",
		"APPEARED_AGAIN": "apareció de nuevo",
		"HOME": "Hogar",
		"STUDY_PLAN_": "Plan de estudios",
		"STRATEGIES": "Estrategias",
		"ACC_OUNT": "Cuenta",
		"BEGINNING_IN": "Empezando en",
		"_SEC": "Segundo",
		"COMMENT": "COMENTARIO",
		"ADD_COMMENT": "Por favor agregue un comentario",
		"COMMENT_HERE": "Comenta Aquí...",
		"UNDERSTAND_PROCEED": "Sí, entiendo y me gustaría continuar",
		"DELETE_PROFILE": "Esta acción eliminará permanentemente tu perfil.",
		"LOST": "Todos tus datos incluida la práctica. Se perderán las pruebas simuladas y la suscripción.",
		"UNDO": "No puede deshacer esta acción.",
		"DELETE": "Borrar",
		"WHITE": "espacio en blanco",
		"SUGGE_STION": "Sugerencia :",
		"LOGOUT": "¿Está seguro de que desea cerrar la sesión?",
		"LOG_OUT": "Cerrar sesión",
		"ACCESS_PHONE": "Permita que la aplicación acceda al micrófono y al almacenamiento de su teléfono para grabar y cargar sus respuestas de audio para la puntuación de AI.",
		"DENY": "NEGAR",
		"ALLOW": "PERMITIR",
		"TIMING": "Tiempo:",
		"SHARE_VIA": "Compartir via",
		"WHATSAPP_INSTALLED": "Asegúrese de que WhatsApp esté instalado en su dispositivo",
		"TELEGRAM_INSTALLED": "Asegúrese de que Telegram esté instalado en su dispositivo",
		"CODE_COPIED": "Código copiado",
		"VERSION": "Versión",
		"OTP_SENT": "OTP enviado",
		"INVALIDE_CODE": "Codigo invalido.",
		"NUMBER_VERIFIED": "Número verificado",
		"OTP_SEND": "Otp Enviar con éxito",
		"FREE_PREMIUM_PLAN": "Plan premium gratis",
		"FREE_PLAN": "Plan Gratis",
		"SELECT_EXAM_DATE": "por favor seleccione su fecha de examen",
		"SUBMITTED": "Enviado satisfactoriamente",
		"AI_POWERED": "Puntuación impulsada por IA",
		"SECTIONAL_MOCK_TEST": "Pruebas simuladas seccionales",
		"FULL_MOCK_TEST": "Pruebas simuladas completas",
		"STRATEGY_VIDEOS": "Vídeos de estrategia",
		"WEEKLY_PREDICTIONS": "Predicciones Semanales",
		"PAYMENT_VERIFIED": "Pago verificado con éxito.",
		"VERIFICATION_FAILED": "La verificación del pago falló. Si pagó con éxito, haga clic en \"Actualizar estado de pago\" más tarde",
		"ALFAPTE": "(AlfaPTE - Aplicación de práctica de PTE)",
		"PLANS": "planes",
		"REFRESH_PAYMENT": "Actualizar estado de pago",
		"FEATURES": "Características",
		"SELECT_PHOTO": "Seleccione una foto",
		"TAKE_PHOTO": "Tomar foto...",
		"CHOOSE_LIBRARY": "Elige de la biblioteca...",
		"PHONE_NUMBER": "Número de teléfono",
		"NO_FOUND": "No se encontró ninguna aplicación",
		"EXPIRING_SOON": "Expirará pronto",
		"RENEW_NOW": "Renovar ahora",
		"DOCUMENT_NO_FOUND": "cargar documentos no encontrados",
		"BOOKMARKED": "Marcado",
		"DELETE_SUCCESS": "Borrado exitosamente",
		"YOUR": "Su",
		"USER": "del usuario",
		"CORRECT_ANSWER": "Respuesta correcta",
		"USER_RESPONSE": "Respuesta del usuario",
		"AMERICAN": "Americano",
		"BRITISH": "británico",
		"CORRECT_WORDS": "Palabras correctas",
		"MISSED_WORDS": "Palabras Perdidas",
		"MISSPLET": "Palabras mal escritas/equivocadas",
		"CHECK_ERROR": "Haga clic en la palabra resaltada para comprobar el error.",
		"LOGIN_FAIL": "Error de inicio de sesión con error:",
		"ALFA_RIGHT": "Todos los derechos reservados - Alfa PTE",
		"ALFA_RIGHTS": "Todos los derechos reservados - www.alfapte.com",
		"SELECT_ANSWER": "Seleccionar respuesta",
		"WORD_REMOVE": "Palabra eliminada con éxito",
		"WORD_ADD": "Palabra añadida con éxito",
		"SELECT_BLANK": "Haga clic en cualquier palabra para colocarla en el espacio en blanco seleccionado",
		"CHANGE_ORDER": "Cambie el orden manteniendo presionada la opción",
		"SEE_OPTIONS": "Haga clic en los espacios en blanco para ver las opciones",
		"VERIFICATION_LINK_SENT": "Se ha enviado un enlace de verificación a su correo electrónico.",
		"ADD_NOTE": "Por favor agregue nota",
		"NOTES": "notas",
		"SAVE": "Ahorrar",
		"ENTER_NOTE": "Introducir nota...",
		"WORD_NOT_FOUND": "Palabra no encontrada",
		"LOAD_MORE": "CARGA MÁS",
		"RESPONSE_LESS_THAN": "La respuesta es menos de 15 segundos",
		"QUESTION_TITLE": "Pregunta Título / Número",
		"STRATEGIES_VIDEOS": "Estrategias Vídeos",
		"INSTALL_YOUTUBE": "Asegúrate de que Youtube esté instalado en tu dispositivo",
		"TARGET_UPDATE": "Objetivo actualizado",
		"SCORE_PRONUN": "Puntuación y pronunciación de Ai",
		"SCORE_CORRECTION": "Puntuación y corrección de Ai",
		"IMMEDIATE_FEEDBACK": "Retroalimentación inmediata",
		"DAILY_UPDATED": "Preguntas actualizadas diariamente",
		"SET_TARGET": "Establezca su objetivo",
		"YOUR_TARGET": "Tu objetivo:",
		"HELLO": "Hola",
		"NICE_DAY": "Que tengas un lindo día",
		"ALL_THE_BEST": "Mis mejores deseos",
		"SYSTEM_DETECT": "¿El sistema detectó lo que dijiste?",
		"DETECT_YOUR_VOICE": "¿El sistema detectó su voz?",
		"YOUR_VOOICE": "¿El sistema detectó su voz?",
		"YES": "Sí",
		"NO": "No",
		"SPEECH_COMPLETED": "La calibración del habla se ha completado.",
		"AI_SPEECH": "Calibración de voz de IA",
		"INTELLIGENCE_SCORE": "Los próximos 3 pasos calibrarán su discurso para la puntuación de inteligencia artificial.",
		"STEP": "Paso:",
		"OF": "de",
		"KNO_WN": "CONOCIDO",
		"UNK_NOWN": "DESCONOCIDO",
		"LANGUAGE": "ELIGE TU IDIOMA",
		"SCORE_BRITISH": "PUNTAJE AI (BRITÁNICO)",
		"SCORE_AMERICAN": "PUNTUACIÓN AI (AMERICANA)",
		"WORD_COUNT": "El recuento de palabras:",
		"YOUR_SUMMARY": "Escriba su resumen aquí..",
		"PLAY_BACK": "Reproducción",
		"SPEECH_TO_TEXT": "Dictado a texto",
		"OK": "OK",
		"NO_RESULT": "¡Lo siento! No se han encontrado resultados",
		"YOUIR_ANSWER": "Tu respuesta",
		"BRI_TISH": "Británico:",
		"AMER_ICAN": "Americano :",
		"USER_HASH": "Usuario #:",
		"SHOW": "MOSTRAR",
		"HIDE": "OCULTAR",
		"VERIFICATION_SUCCESS": "Verificación exitosa",
		"APPLY": "Aplicar",
		"NOTE_SAVE_SUCCESS": "Nota guardada con éxito",
		"S_TASK": "tarea de",
		"LANGUAGES": "Idiomas",
		"SELECT_LANGUAGE": "Seleccione el idioma",
		"READALL": "Lee todo",
		"DELETEALL": "Eliminar todos",
		"BUYNOW": "Comprar ahora",
		"VIEWALL": "Ver todo",
		"VIEWALLNOTIFICATIONS": "ver notificaciones",
		"FORUM": "Foro",
		"ERROR": "Error",
		"COMMENT_S": "Comentario",
		"CATEGORY_C": "Categoría :",
		"NEWQUES": "Nuevas preguntas",
		"ATTACHFILE": "Adjuntar archivo",
		"SUBMITLOWER": "Enviar",
		"AREYOUSURE": "¿Estás seguro de que quieres borrar todo?",
		"AREYOUSUREDELETE": "Estas seguro que quieres borrarlo ?",
		"RENUE": "Renovar",
		"ADDCOM": "Comentario",
		"NO_FORUM": "NO HAY FORO PARA MOSTRAR TODAVÍA",
		"TRY_LATER": "Por favor intente después de algún tiempo"
	}
}
