{
	"translation": {
		"SESSION_EXPIRED": "La session a expiré!!",
		"PTE_PRACTICE_APP": "APPLICATION DE PRATIQUE PTE",
		"EMAIL": "E-mail",
		"LOGIN_TITLE": "Simulation d'examen réel et notation par IA",
		"SUBTITLE": "Connectez-vous à l'application PTE la plus avancée avec",
		"ENTER_YOUR_EMAIL": "Entrer votre Email",
		"PASSWORD": "Mot de passe",
		"ENTER_PASSWORD": "Tapez votre mot de passe",
		"REMEMBER": "Souviens-toi de moi",
		"FORGET_PASSWORD": "Mot de passe oublié?",
		"LOGIN": "Connexion",
		"OR": "Ou",
		"ACCOUNT": "Vous n'avez pas de compte ?",
		"SIGN_UP": "S'inscrire",
		"T_AND_C": "Termes et conditions",
		"NO_INTERNET": "Pas de connexion Internet",
		"TRANSACTION": "Aucune transaction n'a eu lieu",
		"ACCOUNT_": "Historique du compte",
		"ACCOUNT_SHARE": "Partagez ce lien avec vos amis et obtenez des heures Premium GRATUITES",
		"FAQS": "FAQ",
		"POLICY": "Politique de confidentialité / Contrat d'utilisation",
		"TERMS": "termes et conditions",
		"CHANGE_PASSWORD": "Changer le mot de passe",
		"DARK_MODE": "Mode sombre",
		"NOTIFICATION": "Notification",
		"PRIVACY": "Politique de confidentialité",
		"MANAGE_ACCOUNT": "Gérer son compte",
		"BUY": "Acheter",
		"SHARE": "Partagez et gagnez",
		"MT_CODE": "Codes de test fictifs",
		"CONTACT": "Contact",
		"SPEECH_CALIBRATION": "Étalonnage de la parole",
		"SIGN_OUT": "Se déconnecter",
		"TEST_CODE": "Vous avez généré avec succès un code de déverrouillage à usage unique.",
		"ALREADY_GENRATED": "Vous avez déjà généré un code à l'aide de cet appareil. Réessayez après",
		"DAY": "journées.",
		"ENTER_PHONE": "Entrez votre téléphone",
		"VALID_MAIL": "Veuillez saisir une adresse e-mail valide",
		"VALID_NAME": "Veuillez entrer le nom",
		"VALID_NUMBER": "Veuillez entrer le numéro",
		"VALID_PASSWORD": "S'il vous plait entrez votre mot de passe",
		"VALID_CONFIRM_PASSWORD": "Veuillez entrer votre mot de passe de confirmation",
		"PASSWORD_MISMATCH": "Le mot de passe ne correspond pas",
		"VALID_CITY": "Veuillez entrer le nom de la ville",
		"ENTER_NAME": "Entrez votre nom",
		"NAME": "Nom",
		"CITY": "Ville",
		"ENTER_CITY": "Sélectionnez votre ville",
		"CONFIRM": "Confirmez le mot de passe",
		"ENTER_CNFM_PASSWORD": "Entrez à nouveau votre mot de passe",
		"NEXT": "Prochain",
		"JOIN": "Adhérer maintenant",
		"ALREADY_ACCOUNT": "Vous avez déjà un compte?",
		"SIGN_IN": "S'identifier",
		"CANCEL": "Annuler",
		"SUBMIT": "NOUS FAIRE PARVENIR",
		"PREMIUM_PLAN": "Forfait Premium",
		"MEMBERSHIP_EXPIRE": "L'adhésion expire le",
		"UPGRADE_PREMIUM": "Passer à la version premium",
		"TRANSACTION_": "Aucune transaction n'a eu lieu",
		"MANAGE_ACCO_UNT": "Gérer son compte",
		"CURRENT_PLAN": "Plan actuel",
		"DATE": "Date de l'examen",
		"REQUIRED": "(Obligatoire)",
		"DATE_FORMAT": "jj-mm-aaaa",
		"VENUE": "Veuillez sélectionner votre lieu d'examen",
		"EXAM_VENUE": "Lieu d'examen",
		"OPTIONAL": "(optionnel)",
		"MEMORY": "Mémoire d'examen",
		"SHARE_MEMORY": "Veuillez partager votre mémoire d'examen",
		"APPEARED": "CETTE QUESTION APPARAIT DANS MON EXAMEN",
		"APPEARED_TITLE": "En confirmant cela, vous pouvez aider les autres candidats à obtenir une prédiction précise pour leur examen.",
		"SUB_MIT": "Soumettre",
		"SUBSCRIPTION": "Abonnement",
		"OLD_PASS_VALID": "Veuillez entrer votre ancien mot de passe",
		"NEW_PASS_VALID": "Veuillez entrer votre nouveau mot de passe",
		"CONFIRM_PASS_VALID": "Veuillez entrer votre mot de passe de confirmation",
		"PASS_WORD_MISMATCH": "Les mots de passe ne correspondent pas",
		"OLD_PASSWORD": "Mot de passe actuel",
		"NEW_PASSWORD": "nouveau mot de passe",
		"COUNTRY": "Choisissez le pays",
		"STATE": "Sélectionnez l'état",
		"CI_TY": "Sélectionnez une ville",
		"SEARCH_YOUR_CITY": "Recherchez votre ville",
		"SEARCH_COUNTRY": "Pays de recherche",
		"SEARCH_STATE": "État de la recherche",
		"SEARCH_CITY": "Ville de recherche",
		"FULL_NAME": "Nom et prénom",
		"ADDRESS": "Adresse",
		"UPDATE": "Mettre à jour le profil",
		"RESET": "Réinitialiser le profil",
		"ISSUE": "Sélectionner le genre",
		"TECHNICAL": "Technique",
		"OTHER": "Autre",
		"ENTER_TITLE": "Entrez le titre",
		"TITLE_HERE": "Le titre va ici",
		"PLE_ENTER_TITLE": "'Veuillez entrer le titre",
		"ENTER_DESCRIPTION": "Veuillez entrer un message",
		"MESSAGE": "Message",
		"MESSAGE_HERE": "Votre message va ici",
		"DOCUMENT": "Téléchargement de documents",
		"OVERALL": "Globalement",
		"READING": "En lisant",
		"WRITING": "L'écriture",
		"LISTEN": "Écoute",
		"SPEAKING": "Parlant",
		"GRAMMAR": "Grammaire",
		"FLUENCY": "Aisance",
		"PRONOUN": "Pronom",
		"SPELLING": "Orthographe",
		"VOCAB": "Vocabulaire",
		"DISCOURSE": "Discours",
		"SCORE_REPORT": "Analyse du rapport de score d'IA",
		"REPORT": "RAPPORT ANALYSÉ",
		"HEADING": "Les règles mentionnées ci-dessous vous aideront dans les modules de lecture. il vous est conseillé de passer par eux pour améliorer vos scores en lecture.",
		"HOURS": "Heures",
		"MIN": "Min",
		"SEC": "Seconde",
		"DAYS": "Journées",
		"CON_FIRM": "Confirmer",
		"PREMIUM": "PRIME",
		"FREE PREMIUM": "PRIME GRATUITE",
		"EXAM_COUNT_DOWN": "Compte à rebours de l'examen",
		"COMPLETED": "Complété",
		"PRACTICE": "Pratique",
		"QUESTION": "Question",
		"STUDY_TOOL": "Outils d'étude",
		"TEMPLATES": "Modèles",
		"TEMPLATE": "Nos modèles testés et éprouvés que vous pouvez télécharger et préparer.",
		"PREDECTION": "Prédictions",
		"PREDICT": "Nos fichiers de prédiction hebdomadaires contiennent des questions ayant une plus grande probabilité de répétition.",
		"GRAMMER": "ces règles de grammaire vous aideront dans le module Lecture.",
		"VOCAB_BANK": "Vous pouvez ajouter des mots difficiles à cette liste pour vous entraîner.",
		"VOC_AB": "Banque de vocabulaire",
		"SCORE": "Score-Feedback",
		"SCORE_FEEDBACK": "Vous obtiendrez un retour analysé sur votre score précédent.",
		"MARK": "Marquage",
		"MARKING": "Cela vous fournira une répartition de la notation de chaque question.",
		"ALFA": "AlfaPTE",
		"NEW": "Nouveau",
		"PREDI_CTION": "Prédiction",
		"PRACTICED": "Exercé",
		"REMAIN_TIME": "Temps restant",
		"COUNT": "Nombre de mots",
		"SUMMARY": "Tapez votre réponse ici..",
		"TRANSCRIPT": "Transcription",
		"TIME": "Temps",
		"ANSWER": "Réponse",
		"AI_SCORE": "SCORE IA",
		"ENABLING_SKILLS": "Compétences habilitantes",
		"CONTENT": "Contenu",
		"SPELLINGS": "Orthographes",
		"GRAM_MER": "Grammaire",
		"FORM": "Formulaire",
		"VOCABULARY_RANGE": "Gamme de vocabulaire",
		"YOUR_RESPONSE": "Votre réponse",
		"SUGGESTIONS": "Suggestions",
		"TOTAL_WORDS": "Mots totaux",
		"ENGLISH": "Anglais",
		"TIME_TAKEN": "TEMPS PRIS",
		"MINUTE": "Minute",
		"SECOND": "Deuxième",
		"TARGET_SCORE": "Score cible",
		"SST": "Résumer le texte parlé",
		"MCM": "Choix multiples, réponses multiples",
		"FIB": "Remplir les espaces vides",
		"HCS": "Mettez en surbrillance le résumé correct",
		"MCS": "Choix multiple, réponse unique",
		"SMW": "Sélectionnez le mot manquant",
		"HIC": "Surligner les mots incorrects",
		"WFD": "Écrire à partir de la dictée",
		"LISTENING": "ÉCOUTE",
		"FORCE_UPDATE": "Nouvelle mise à jour disponible",
		"UPD_ATE": "Mise à jour",
		"UNDER_MAINTENCE": "En maintenance",
		"PREDICTION_TITLE": "Nos fichiers de prédiction hebdomadaire contiendront toutes les questions importantes qui ont plus de chances de se répéter lors des prochains examens.",
		"MY_SCORE": "Mon score",
		"COMMUNITY_SCORE": "Note de la communauté",
		"MULTIPLE_CHOICE": "Choix multiples, réponses multiples",
		"REORDER": "Réorganiser le paragraphe",
		"REA_DING": "Lecture : remplissez les blancs",
		"READING_WRITING": "Lecture et écriture : remplissez les blancs",
		"READ_ING": "EN TRAIN DE LIRE",
		"SCORE_FEED_BACK": "Commentaires sur la note",
		"REAL_EXAM": "Examen réel",
		"MOCK_TEST": "Test de simulation",
		"SUBMIT_OVERALL_TEXT": "'Veuillez soumettre votre score global",
		"SUBMIT_GRAMMER": "Veuillez soumettre votre score de grammaire",
		"SUBMIT_WRITING": "Veuillez soumettre votre score d'écriture",
		"SUBMIT_SPEAKING": "Veuillez soumettre votre score d'expression orale",
		"SUBMIT_READING": "Veuillez soumettre votre score de lecture",
		"SUBMIT_LISTEN": "Veuillez soumettre votre score d'écoute",
		"SUBMIT_ORAL_FLUENCY": "Veuillez soumettre votre score de fluidité orale",
		"SUBMIT_PRONOUN": "Veuillez soumettre votre score de prononciation",
		"SUBMIT_SPELL": "Veuillez soumettre votre note d'orthographe",
		"SUBMIT_VOCAB": "Veuillez soumettre votre score de vocabulaire",
		"SUBMIT_DISCOURSE": "Veuillez soumettre votre score de discours",
		"SUBMIT_DATE": "Veuillez sélectionner la date",
		"CATEGORY": "Catégorie d'examen",
		"EXAM_DATE": "Date de l'examen",
		"SCORE_": "Score",
		"PRONOUNCIATION": "Prononciation",
		"ORAL_FLUENCY": "Fluidité orale",
		"VOCABULARY": "Vocabulaire",
		"WRITTING_DISCOURSE": "Discours écrit",
		"RA": "LIT À VOIX HAUTE",
		"RTL": "RE-DIRE LA CONFÉRENCE",
		"RS": "RÉPÉTEZ LA PHRASE",
		"ASQ": "RÉPONDRE À LA QUESTION COURTE",
		"DI": "DÉCRIRE L'IMAGE",
		"SWT": "RÉSUMER LE TEXTE ÉCRIT",
		"WE": "ÉCRIRE UN ESSAI",
		"ROP": "RECOMMANDER LE PARAGRAPHE",
		"RWFBI": "R&W : REMPLISSEZ LES BLANCS",
		"RFBI": "LECTURE REMPLIR LES BLANCS",
		"SS_T": "RÉSUMER LE TEXTE PARLÉ",
		"MC_M": "QCM-MULTIPLE",
		"FI_B": "REMPLIR LES ESPACES VIDES",
		"MC_S": "QCM-SINGLE",
		"HC_S": "SOULIGNER LE RÉSUMÉ CORRECT",
		"SM_W": "SÉLECTIONNER LE MOT MANQUANT",
		"HIS": "SURLIGNEZ LES MOTS INCORRECTS",
		"WF_D": "ÉCRIRE À PARTIR DE LA DICTÉE",
		"SUMMARIZE": "Résumer le texte écrit",
		"EASY": "Rédiger un essai",
		"WRIT_ING": "L'ÉCRITURE",
		"VIEW_MORE": "Voir plus",
		"SEARCH": "Chercher",
		"TYPE": "Écrivez ici..",
		"APPE_ARED": "Est apparu",
		"HASH": "#",
		"READ_ALOUD": "Lit à voix haute",
		"REPEAT_SENTENCE": "Répéter la phrase",
		"DESCRIBE_IMAGE": "Décrire l'image",
		"RETELL_LECTURE": "Re-raconter la conférence",
		"ANSWER_SHORT": "Répondre à une courte question",
		"STUDY": "Plan d'étude",
		"TASK_COMPLETED": "Tâche terminée",
		"NOT_COMPLETED": "Tâche non terminée",
		"NO_LOGIN": "Ne s'est pas connecté",
		"UPGRADE": "Veuillez passer à",
		"PREM_IUM": "Prime",
		"STUDY_PLAN": "pour consulter votre plan d'étude",
		"TASK_ASSIGNED": "Aucune tâche n'a été assignée",
		"PLEASE_SET_TARGET": "Veuillez définir votre score cible pour afficher votre plan d'étude",
		"TEMPLATE_HEADING": "Nous avons mis à votre disposition notre structure de modèles testés et éprouvés que vous pouvez télécharger et préparer.",
		"OTP": "Entrez OTP",
		"VERIFY": "Vérifier",
		"RESENT_OTP": "Renvoyer OTP",
		"VERIFICATION": "Vérification",
		"AN_ACCOUNT": "J'ai un compte ?",
		"SEND": "Envoyer",
		"VERIFICATION_LINK": "Vous n'avez pas encore reçu le lien de vérification ?",
		"SELECT_ACCOUNT": "Sélectionnez une méthode de vérification de compte",
		"RESEND": "Renvoyer",
		"SMS": "SMS",
		"ALL": "Tout",
		"KNOWN": "Connu",
		"UNKNOWN": "Inconnue",
		"WORDS": "MOTS",
		"AI_SCORE_": "Score IA",
		"DEVELOPMENT_STRUCTURE": "Développement, structure et cohérence",
		"GENERAL_LINGUISTIC": "Gamme linguistique générale",
		"PROGRESS": "Progrès",
		"GO_TO": "Aller à",
		"PRAC_TICED": "Exercé",
		"NOT_PRACTICED": "Pas pratiqué",
		"PREDICTION": "PRÉDICTION",
		"BOOKMARK": "SIGNET",
		"EXTRA_PAGE_PASSING": "Désolé vous ne pouvez pas accéder à cette page",
		"QUESTIONS": "Des questions",
		"SUMMMERY": "Résumé et résumé",
		"SCRIPT": "Scénario",
		"X": "X",
		"RECORDING": "L'enregistrement commencera dans",
		"BEGINNING": "Commençant en",
		"AUDIO": "Autorisation audio requise",
		"NO_SCORE": "PAS DE SCORE À AFFICHER ENCORE",
		"GOOD_WORD": "Bon mots",
		"BAD_WORD": "Gros mots",
		"NOTE": "Remarque : Le lecteur audio n'est pas compatible avec certains appareils.",
		"ANNOTATION": "Remarques",
		"OVER_ALL_PRIDICTION": "La prédiction du score global est basée uniquement sur votre réponse actuelle.",
		"LOW_SCORE": "Un score faible peut être dû aux raisons ci-dessous :",
		"MICROPHONE": "Microphone:",
		"MICROPHONE_TEXT": "Un bon microphone et sa position jouent un rôle important.",
		"PAUSES": "Pause :",
		"PAUSES_TEXT": "Votre réponse ne doit pas contenir de pauses de 2 secondes ou plus.",
		"MISSING_AUDIO": "Audio manquant :",
		"AUD_IO": "Le lecteur audio n'est pas compatible avec certains appareils mobiles.",
		"DICTIONARY": "DICTIONNAIRE",
		"CLICK_WORD": "Cliquez sur les mots pour vérifier le dictionnaire",
		"REMOVE": "Retirer",
		"ADD_VOCAB_BANK": "Ajouter à la banque de vocabulaire",
		"DEFINITION": "Définition",
		"EXAMPLE": "Exemple",
		"FORGOT": "MOT DE PASSE OUBLIÉ",
		"CREATE_ACCOUNT": "Créer un compte",
		"HINDI": "hindi",
		"PUNJABI": "Pendjabi",
		"STRATEGY": "Vidéos de stratégie",
		"CATEGORIES": "Catégories",
		"SUBSCRIBE": "S'ABONNER",
		"RESTRICTED": "ACCÈS RESTREINT",
		"UPGRADE_FEATURE": "Veuillez mettre à niveau pour accéder à cette fonctionnalité",
		"SURE": "Êtes-vous sûr?",
		"PRACTICE_HISTORY": "Cela supprimera tout votre historique de pratique.",
		"ACTION": "Vous ne pouvez pas annuler cette action.",
		"RE_SET": "Réinitialiser",
		"PREREQUISITES": "Conditions préalables",
		"GOOGLE_APP": "Veuillez installer l'application Google pour continuer à utiliser AlfaPTE.",
		"ALREADY_INSTALL": "S'il est déjà installé, veuillez l'activer.",
		"INSTALL": "Installer",
		"DOWNLOADING": "Téléchargement",
		"APPEARED_AGAIN": "Apparu à nouveau",
		"HOME": "Maison",
		"STUDY_PLAN_": "Plan d'étude",
		"STRATEGIES": "Stratégies",
		"ACC_OUNT": "Compte",
		"BEGINNING_IN": "Commençant en",
		"_SEC": "Seconde",
		"COMMENT": "COMMENTAIRE",
		"ADD_COMMENT": "Veuillez ajouter un commentaire",
		"COMMENT_HERE": "Commentez ici...",
		"UNDERSTAND_PROCEED": "Oui, je comprends et je voudrais continuer",
		"DELETE_PROFILE": "Cette action supprimera définitivement votre profil.",
		"LOST": "Toutes vos données, y compris la pratique. les tests simulés et l'abonnement seront perdus.",
		"UNDO": "Vous ne pouvez pas annuler cette action.",
		"DELETE": "Effacer",
		"WHITE": "espace blanc",
		"SUGGE_STION": "Suggestion :",
		"LOGOUT": "Êtes-vous sûr de vouloir vous déconnecter?",
		"LOG_OUT": "Se déconnecter",
		"ACCESS_PHONE": "Veuillez autoriser l'application à accéder au microphone et au stockage de votre téléphone pour enregistrer et télécharger vos réponses audio pour la notation AI.",
		"DENY": "NIER",
		"ALLOW": "AUTORISER",
		"TIMING": "Temps:",
		"SHARE_VIA": "Partage via",
		"WHATSAPP_INSTALLED": "Assurez-vous que WhatsApp est installé sur votre appareil",
		"TELEGRAM_INSTALLED": "Assurez-vous que Telegram est installé sur votre appareil",
		"CODE_COPIED": "Code copié",
		"VERSION": "Version",
		"OTP_SENT": "OTP envoyé",
		"INVALIDE_CODE": "Code invalide.",
		"NUMBER_VERIFIED": "Numéro vérifié",
		"OTP_SEND": "OTP Envoyer avec succès",
		"FREE_PREMIUM_PLAN": "Forfait Premium gratuit",
		"FREE_PLAN": "Forfait gratuit",
		"SELECT_EXAM_DATE": "veuillez sélectionner votre date d'examen",
		"SUBMITTED": "Soumis avec succès",
		"AI_POWERED": "Notation alimentée par l'IA",
		"SECTIONAL_MOCK_TEST": "Tests simulés en coupe",
		"FULL_MOCK_TEST": "Tests fictifs complets",
		"STRATEGY_VIDEOS": "Vidéos de stratégie",
		"WEEKLY_PREDICTIONS": "Prédictions hebdomadaires",
		"PAYMENT_VERIFIED": "Paiement vérifié avec succès.",
		"VERIFICATION_FAILED": "La vérification du paiement a échoué. Si le paiement a réussi, veuillez cliquer sur \"Actualiser l'état du paiement\" plus tard",
		"ALFAPTE": "(AlfaPTE - Application d'entraînement PTE)",
		"PLANS": "Des plans",
		"REFRESH_PAYMENT": "Actualiser le statut du paiement",
		"FEATURES": "Fonctionnalités",
		"SELECT_PHOTO": "Sélectionnez une photo",
		"TAKE_PHOTO": "Prendre une photo...",
		"CHOOSE_LIBRARY": "Choisissez dans la bibliothèque...",
		"PHONE_NUMBER": "Numéro de téléphone",
		"NO_FOUND": "Aucune application trouvée",
		"EXPIRING_SOON": "Expire bientôt",
		"RENEW_NOW": "Renouveler maintenant",
		"DOCUMENT_NO_FOUND": "télécharger des documents introuvables",
		"BOOKMARKED": "Favoris",
		"DELETE_SUCCESS": "Supprimé avec succès",
		"YOUR": "Ton",
		"USER": "Utilisateurs",
		"CORRECT_ANSWER": "Bonne réponse",
		"USER_RESPONSE": "Réponse de l'utilisateur",
		"AMERICAN": "Américain",
		"BRITISH": "Britanique",
		"CORRECT_WORDS": "Mots corrects",
		"MISSED_WORDS": "Mots manqués",
		"MISSPLET": "Mots mal orthographiés / incorrects",
		"CHECK_ERROR": "Veuillez cliquer sur le mot en surbrillance pour vérifier l'erreur",
		"LOGIN_FAIL": "Échec de la connexion avec erreur :",
		"ALFA_RIGHT": "Tous droits réservés - Alfa PTE",
		"ALFA_RIGHTS": "Tous droits réservés - www.alfapte.com",
		"SELECT_ANSWER": "Sélectionnez la réponse",
		"WORD_REMOVE": "Mot supprimé avec succès",
		"WORD_ADD": "Mot ajouté avec succès",
		"SELECT_BLANK": "Cliquez sur n'importe quel mot pour déposer dans le blanc sélectionné",
		"CHANGE_ORDER": "Modifier l'ordre en appuyant longuement sur l'option",
		"SEE_OPTIONS": "Cliquez sur les blancs pour voir les options",
		"VERIFICATION_LINK_SENT": "Un lien de vérification a été envoyé à votre adresse e-mail",
		"ADD_NOTE": "Veuillez ajouter une remarque",
		"NOTES": "Remarques",
		"SAVE": "sauvegarder",
		"ENTER_NOTE": "Saisir une remarque...",
		"WORD_NOT_FOUND": "Mot introuvable",
		"LOAD_MORE": "CHARGER PLUS",
		"RESPONSE_LESS_THAN": "La réponse est inférieure à 15 secondes",
		"QUESTION_TITLE": "Titre/Numéro de la question",
		"STRATEGIES_VIDEOS": "Vidéos sur les stratégies",
		"INSTALL_YOUTUBE": "Assurez-vous que Youtube est installé sur votre appareil",
		"TARGET_UPDATE": "Cible mise à jour",
		"SCORE_PRONUN": "Score Ai et prononciation",
		"SCORE_CORRECTION": "Score d'IA et correction",
		"IMMEDIATE_FEEDBACK": "Impressions immédiates",
		"DAILY_UPDATED": "Questions mises à jour quotidiennement",
		"SET_TARGET": "Définissez votre objectif",
		"YOUR_TARGET": "Votre cible :",
		"HELLO": "Bonjour",
		"NICE_DAY": "Passez une bonne journée",
		"ALL_THE_BEST": "Tous mes vœux",
		"SYSTEM_DETECT": "Le système a-t-il détecté ce que vous avez dit ?",
		"DETECT_YOUR_VOICE": "Le système a-t-il détecté votre voix ?",
		"YOUR_VOOICE": "Le système a-t-il détecté votre voix",
		"YES": "Oui",
		"NO": "Non",
		"SPEECH_COMPLETED": "Le calibrage de la parole est terminé.",
		"AI_SPEECH": "Étalonnage de la parole IA",
		"INTELLIGENCE_SCORE": "Les 3 prochaines étapes calibreront votre discours pour la notation de l'intelligence artificielle.",
		"STEP": "Marcher:",
		"OF": "de",
		"KNO_WN": "CONNU",
		"UNK_NOWN": "INCONNUE",
		"LANGUAGE": "CHOISISSEZ VOTRE LANGUE",
		"SCORE_BRITISH": "AI SCORE (BRITANNIQUE)",
		"SCORE_AMERICAN": "AI SCORE (AMÉRICAIN)",
		"WORD_COUNT": "Nombre de mots :",
		"YOUR_SUMMARY": "Tapez votre résumé ici..",
		"PLAY_BACK": "Relecture",
		"SPEECH_TO_TEXT": "Parole au texte",
		"OK": "D'ACCORD",
		"NO_RESULT": "Pardon! Aucun résultat trouvé",
		"YOUIR_ANSWER": "Ta Réponse",
		"BRI_TISH": "Britanique :",
		"AMER_ICAN": "Américain :",
		"USER_HASH": "Utilisateur #:",
		"SHOW": "AFFICHER",
		"HIDE": "CACHER",
		"VERIFICATION_SUCCESS": "Vérification réussie",
		"APPLY": "Appliquer",
		"NOTE_SAVE_SUCCESS": "Remarque enregistrée avec succès",
		"S_TASK": "La tâche de",
		"LANGUAGES": "Langues",
		"SELECT_LANGUAGE": "Choisir la langue",
		"READALL": "Lis tout",
		"DELETEALL": "Supprimer tout",
		"BUYNOW": "Acheter maintenant",
		"VIEWALL": "Voir tout",
		"VIEWALLNOTIFICATIONS": "Afficher les notifications",
		"FORUM": "Forum",
		"ERROR": "Erreur",
		"COMMENT_S": "Commentaire",
		"CATEGORY_C": "Catégorie :",
		"NEWQUES": "Nouvelles questions",
		"ATTACHFILE": "Pièce jointe",
		"SUBMITLOWER": "Soumettre",
		"AREYOUSURE": "Êtes-vous sûr de vouloir tout supprimer ?",
		"AREYOUSUREDELETE": "Etes-vous sûr que vous voulez supprimer ?",
		"RENUE": "Renouveler",
		"ADDCOM": "Commentaire",
		"NO_FORUM": "PAS DE FORUM A MONTRER ENCORE",
		"TRY_LATER": "Veuillez essayer après un certain temps"
	}
}
