{
	"translation": {
		"SESSION_EXPIRED": "सत्र समाप्त हुआ!!",
		"PTE_PRACTICE_APP": "पीटीई अभ्यास ऐप",
		"EMAIL": "ईमेल",
		"LOGIN_TITLE": "वास्तविक परीक्षा सिमुलेशन और एआई स्कोरिंग",
		"SUBTITLE": "के साथ सबसे उन्नत पीटीई ऐप में लॉग इन करें",
		"ENTER_YOUR_EMAIL": "अपना ईमेल दर्ज करें",
		"PASSWORD": "पासवर्ड",
		"ENTER_PASSWORD": "अपना पासवर्ड डालें",
		"REMEMBER": "मुझे याद रखें",
		"FORGET_PASSWORD": "क्या आप पासवर्ड भूल गए?",
		"LOGIN": "लॉग इन करें",
		"OR": "या",
		"ACCOUNT": "खाता नहीं है?",
		"SIGN_UP": "साइन अप करें",
		"T_AND_C": "नियम और शर्तें",
		"NO_INTERNET": "कोई इंटरनेट कनेक्शन नहीं",
		"TRANSACTION": "कोई लेनदेन नहीं हुआ",
		"ACCOUNT_": "खाता इतिहास",
		"ACCOUNT_SHARE": "इस लिंक को दोस्तों के साथ साझा करें और मुफ़्त प्रीमियम घंटे पाएं",
		"FAQS": "पूछे जाने वाले प्रश्न",
		"POLICY": "गोपनीयता नीति / उपयोगकर्ता समझौता",
		"TERMS": "नियम एवं शर्तें",
		"CHANGE_PASSWORD": "पासवर्ड बदलें",
		"DARK_MODE": "डार्क मोड",
		"NOTIFICATION": "अधिसूचना",
		"PRIVACY": "गोपनीयता नीति",
		"MANAGE_ACCOUNT": "खाते का प्रबंधन करें",
		"BUY": "खरीदना",
		"SHARE": "शेयर करें और कमाएं",
		"MT_CODE": "मॉक टेस्ट कोड",
		"CONTACT": "संपर्क करना",
		"SPEECH_CALIBRATION": "भाषण अंशांकन",
		"SIGN_OUT": "साइन आउट",
		"TEST_CODE": "आपने सफलतापूर्वक एकल-उपयोग अनलॉक कोड जनरेट किया है।",
		"ALREADY_GENRATED": "आपने इस उपकरण का उपयोग करके पहले ही एक कोड जनरेट कर लिया है। बाद में पुनः प्रयास करें",
		"DAY": "दिन।",
		"ENTER_PHONE": "अपना फोन दर्ज करें",
		"VALID_MAIL": "कृपया वैध ईमेल दर्ज़ करें",
		"VALID_NAME": "कृपया नाम दर्ज करें",
		"VALID_NUMBER": "कृपया नंबर दर्ज करें",
		"VALID_PASSWORD": "अपना पासवर्ड दर्ज करें",
		"VALID_CONFIRM_PASSWORD": "कृपया अपना कन्फर्म पासवर्ड दर्ज करें",
		"PASSWORD_MISMATCH": "पासवर्ड मेल नहीं खाते",
		"VALID_CITY": "कृपया शहर का नाम दर्ज करें",
		"ENTER_NAME": "अपना नाम दर्ज करें",
		"NAME": "नाम",
		"CITY": "शहर",
		"ENTER_CITY": "अपना शहर चुनें",
		"CONFIRM": "पासवर्ड की पुष्टि कीजिये",
		"ENTER_CNFM_PASSWORD": "दुबारापासवडृ िलखो",
		"NEXT": "अगला",
		"JOIN": "अब सम्मिलित हों",
		"ALREADY_ACCOUNT": "क्या आपके पास पहले से एक खाता मौजूद है?",
		"SIGN_IN": "साइन इन करें",
		"CANCEL": "रद्द करना",
		"SUBMIT": "प्रस्तुत",
		"PREMIUM_PLAN": "प्रीमियम योजना",
		"MEMBERSHIP_EXPIRE": "सदस्यता समाप्त होने पर",
		"UPGRADE_PREMIUM": "प्रीमियम में अपग्रेड करें",
		"TRANSACTION_": "कोई लेनदेन नहीं हुआ",
		"MANAGE_ACCO_UNT": "खाते का प्रबंधन करें",
		"CURRENT_PLAN": "वर्तमान योजना",
		"DATE": "परीक्षा तिथि",
		"REQUIRED": "(आवश्यक)",
		"DATE_FORMAT": "डीडी-MM-YYYY",
		"VENUE": "कृपया अपना परीक्षा स्थल चुनें",
		"EXAM_VENUE": "परीक्षा स्थल",
		"OPTIONAL": "(वैकल्पिक)",
		"MEMORY": "परीक्षा मेमोरी",
		"SHARE_MEMORY": "कृपया अपनी परीक्षा मेमोरी साझा करें",
		"APPEARED": "यह प्रश्न मेरी परीक्षा में आया है",
		"APPEARED_TITLE": "इसकी पुष्टि करके आप अन्य परीक्षार्थियों को उनकी परीक्षा के लिए सटीक भविष्यवाणी प्राप्त करने में मदद कर सकते हैं।",
		"SUB_MIT": "प्रस्तुत करना",
		"SUBSCRIPTION": "अंशदान",
		"OLD_PASS_VALID": "कृपया अपना पुराना पासवर्ड दर्ज करें",
		"NEW_PASS_VALID": "कृपया अपना नया पासवर्ड दर्ज करें",
		"CONFIRM_PASS_VALID": "कृपया अपना पुष्टिकरण पासवर्ड दर्ज करें",
		"PASS_WORD_MISMATCH": "पासवर्ड मेल नहीं खाते",
		"OLD_PASSWORD": "वर्तमान पासवर्ड",
		"NEW_PASSWORD": "नया पासवर्ड",
		"COUNTRY": "देश चुनें",
		"STATE": "राज्य चुनें",
		"CI_TY": "शहर चुनें",
		"SEARCH_YOUR_CITY": "अपना शहर खोजें",
		"SEARCH_COUNTRY": "देश खोजें",
		"SEARCH_STATE": "राज्य खोजें",
		"SEARCH_CITY": "शहर खोजें",
		"FULL_NAME": "पूरा नाम",
		"ADDRESS": "पता",
		"UPDATE": "प्रोफ़ाइल को नवीनतम बनाओ",
		"RESET": "प्रोफ़ाइल रीसेट करें",
		"ISSUE": "प्रकार चुनें",
		"TECHNICAL": "तकनीकी",
		"OTHER": "अन्य",
		"ENTER_TITLE": "शीर्षक दर्ज करें",
		"TITLE_HERE": "शीर्षक यहाँ जाता है",
		"PLE_ENTER_TITLE": "'कृपया शीर्षक दर्ज करें'",
		"ENTER_DESCRIPTION": "कृपया संदेश दर्ज करें",
		"MESSAGE": "संदेश",
		"MESSAGE_HERE": "आपका संदेश यहाँ जाता है",
		"DOCUMENT": "दस्तावेज़ अपलोड",
		"OVERALL": "कुल मिलाकर",
		"READING": "पढ़ना",
		"WRITING": "लिख रहे हैं",
		"LISTEN": "सुनना",
		"SPEAKING": "बोला जा रहा है",
		"GRAMMAR": "व्याकरण",
		"FLUENCY": "प्रवाह",
		"PRONOUN": "सवर्नाम",
		"SPELLING": "वर्तनी",
		"VOCAB": "शब्दावली",
		"DISCOURSE": "प्रवचन",
		"SCORE_REPORT": "एआई स्कोर रिपोर्ट विश्लेषण",
		"REPORT": "रिपोर्ट का विश्लेषण किया गया",
		"HEADING": "नीचे दिए गए नियम आपको रीडिंग मॉड्यूल में मदद करेंगे। आपको सलाह दी जाती है कि आप इनका अध्ययन करें और अपने पठन अंकों में सुधार करें।",
		"HOURS": "घंटे",
		"MIN": "मिनट",
		"SEC": "सेकंड",
		"DAYS": "दिन",
		"CON_FIRM": "पुष्टि करें",
		"PREMIUM": "बीमा किस्त",
		"FREE PREMIUM": "मुफ़्त प्रीमियम",
		"EXAM_COUNT_DOWN": "परीक्षा उलटी गिनती",
		"COMPLETED": "पूरा हुआ",
		"PRACTICE": "अभ्यास",
		"QUESTION": "प्रश्न",
		"STUDY_TOOL": "अध्ययन उपकरण",
		"TEMPLATES": "टेम्पलेट्स",
		"TEMPLATE": "डाउनलोड करने और तैयार करने के लिए हमारे आजमाए और परखे हुए टेम्प्लेट।",
		"PREDECTION": "भविष्यवाणियों",
		"PREDICT": "हमारी साप्ताहिक भविष्यवाणी फाइलों में ऐसे प्रश्न होते हैं जिनकी पुनरावृत्ति की संभावना अधिक होती है।",
		"GRAMMER": "ये व्याकरण नियम रीडिंग मॉड्यूल में आपकी मदद करेंगे।",
		"VOCAB_BANK": "अभ्यास के लिए आप इस सूची में कठिन शब्दों को जोड़ सकते हैं।",
		"VOC_AB": "वोकैब-बैंक",
		"SCORE": "स्कोर-प्रतिक्रिया",
		"SCORE_FEEDBACK": "आपको अपने पिछले स्कोर पर एक विश्लेषण प्रतिक्रिया मिलेगी।",
		"MARK": "अंकन",
		"MARKING": "यह आपको प्रत्येक प्रश्न का अंकन-विभाजन प्रदान करेगा।",
		"ALFA": "अल्फापीटीई",
		"NEW": "नया",
		"PREDI_CTION": "भविष्यवाणी",
		"PRACTICED": "अभ्यास",
		"REMAIN_TIME": "शेष समय",
		"COUNT": "शब्द गणना",
		"SUMMARY": "अपना जवाब यहां लिखें..",
		"TRANSCRIPT": "प्रतिलिपि",
		"TIME": "समय",
		"ANSWER": "उत्तर",
		"AI_SCORE": "एआई स्कोर",
		"ENABLING_SKILLS": "कौशल सक्षम करना",
		"CONTENT": "विषय",
		"SPELLINGS": "वर्तनी",
		"GRAM_MER": "व्याकरण",
		"FORM": "प्रपत्र",
		"VOCABULARY_RANGE": "शब्दावली रेंज",
		"YOUR_RESPONSE": "तुम्हारा जवाब",
		"SUGGESTIONS": "सुझाव",
		"TOTAL_WORDS": "कुल शब्द",
		"ENGLISH": "अंग्रेज़ी",
		"TIME_TAKEN": "समय लिया",
		"MINUTE": "मिनट",
		"SECOND": "दूसरा",
		"TARGET_SCORE": "लक्ष्य स्कोर",
		"SST": "बोले गए पाठ को सारांशित करें",
		"MCM": "एकाधिक विकल्प, एकाधिक उत्तर",
		"FIB": "रिक्त स्थान भरें",
		"HCS": "सही सारांश हाइलाइट करें",
		"MCS": "एकाधिक विकल्प, एकल उत्तर",
		"SMW": "लापता शब्द का चयन करें",
		"HIC": "गलत शब्दों को हाइलाइट करें",
		"WFD": "डिक्टेशन से लिखें",
		"LISTENING": "सुनना",
		"FORCE_UPDATE": "नई सूचना उपलब्ध है",
		"UPD_ATE": "अद्यतन",
		"UNDER_MAINTENCE": "रखरखाव जारी",
		"PREDICTION_TITLE": "हमारी साप्ताहिक-भविष्यवाणी फाइलों में वे सभी महत्वपूर्ण प्रश्न होंगे जिनकी आगामी परीक्षाओं में पुनरावृत्ति की संभावना अधिक होती है।",
		"MY_SCORE": "मेरे अंक",
		"COMMUNITY_SCORE": "सामुदायिक स्कोर",
		"MULTIPLE_CHOICE": "एकाधिक विकल्प, एकाधिक उत्तर",
		"REORDER": "पुन: आदेश पैराग्राफ",
		"REA_DING": "पढ़ना: रिक्त स्थान भरें",
		"READING_WRITING": "पढ़ना और लिखना: रिक्त स्थान भरें",
		"READ_ING": "पढ़ना",
		"SCORE_FEED_BACK": "स्कोर फीडबैक",
		"REAL_EXAM": "वास्तविक परीक्षा",
		"MOCK_TEST": "नकली परीक्षण",
		"SUBMIT_OVERALL_TEXT": "'कृपया अपना समग्र स्कोर सबमिट करें'",
		"SUBMIT_GRAMMER": "कृपया अपना व्याकरण स्कोर सबमिट करें",
		"SUBMIT_WRITING": "कृपया अपना लेखन स्कोर सबमिट करें",
		"SUBMIT_SPEAKING": "कृपया अपना स्पीकिंग स्कोर सबमिट करें",
		"SUBMIT_READING": "कृपया अपना रीडिंग स्कोर सबमिट करें",
		"SUBMIT_LISTEN": "कृपया अपना सुनने का स्कोर सबमिट करें",
		"SUBMIT_ORAL_FLUENCY": "कृपया अपना मौखिक प्रवाह स्कोर सबमिट करें",
		"SUBMIT_PRONOUN": "कृपया अपना उच्चारण स्कोर सबमिट करें",
		"SUBMIT_SPELL": "कृपया अपना स्पेलिंग स्कोर सबमिट करें",
		"SUBMIT_VOCAB": "कृपया अपना शब्दावली स्कोर सबमिट करें",
		"SUBMIT_DISCOURSE": "कृपया अपना प्रवचन स्कोर सबमिट करें",
		"SUBMIT_DATE": "कृपया तिथि चुनें",
		"CATEGORY": "परीक्षा श्रेणी",
		"EXAM_DATE": "परीक्षा तिथि",
		"SCORE_": "अंक",
		"PRONOUNCIATION": "उच्चारण",
		"ORAL_FLUENCY": "मौखिक प्रवाह",
		"VOCABULARY": "शब्दावली",
		"WRITTING_DISCOURSE": "लिखित प्रवचन",
		"RA": "जोर से पढ़ें",
		"RTL": "व्याख्यान फिर से बताएं",
		"RS": "वाक्य दोहराएं",
		"ASQ": "उत्तर संक्षिप्त प्रश्न",
		"DI": "वर्णन छवि",
		"SWT": "लिखित पाठ को सारांशित करें",
		"WE": "निबंध लिखें",
		"ROP": "पुन: आदेश अनुच्छेद",
		"RWFBI": "आर एंड डब्ल्यू: रिक्त स्थान भरें",
		"RFBI": "रिक्त स्थान में पढ़ना",
		"SS_T": "बोले गए पाठ को सारांशित करें",
		"MC_M": "एमसीक्यू-बहुविकल्पी",
		"FI_B": "रिक्त स्थान भरें",
		"MC_S": "एमसीक्यू-सिंगल",
		"HC_S": "सही सारांश हाइलाइट करें",
		"SM_W": "अनुपलब्ध शब्द चुनें",
		"HIS": "गलत शब्दों को हाइलाइट करें",
		"WF_D": "श्रुतलेख से लिखें",
		"SUMMARIZE": "लिखित पाठ को सारांशित करें",
		"EASY": "निबंध लिखें",
		"WRIT_ING": "लिख रहे हैं",
		"VIEW_MORE": "और देखें",
		"SEARCH": "खोज",
		"TYPE": "यहा लिखो..",
		"APPE_ARED": "दिखाई दिया",
		"HASH": "#",
		"READ_ALOUD": "जोर से पढ़ें",
		"REPEAT_SENTENCE": "वाक्य दोहराएं",
		"DESCRIBE_IMAGE": "छवि का वर्णन करें",
		"RETELL_LECTURE": "व्याख्यान फिर से बताएं",
		"ANSWER_SHORT": "उत्तर लघु प्रश्न",
		"STUDY": "पढ़ाई के लिए बनाई गई योजना",
		"TASK_COMPLETED": "कार्य पूरा हो गया",
		"NOT_COMPLETED": "कार्य पूरा नहीं हुआ",
		"NO_LOGIN": "लॉग इन नहीं किया",
		"UPGRADE": "कृपया अपग्रेड करें",
		"PREM_IUM": "बीमा किस्त",
		"STUDY_PLAN": "अपनी अध्ययन-योजना देखने के लिए",
		"TASK_ASSIGNED": "कोई कार्य नहीं सौंपा गया है",
		"PLEASE_SET_TARGET": "कृपया अपनी अध्ययन योजना देखने के लिए अपना लक्ष्य स्कोर निर्धारित करें",
		"TEMPLATE_HEADING": "हमने आपके द्वारा डाउनलोड और तैयार करने के लिए हमारी आजमाई हुई और परखी हुई टेम्प्लेट संरचना उपलब्ध कराई है।",
		"OTP": "ओटीपी दर्ज करें",
		"VERIFY": "सत्यापित करना",
		"RESENT_OTP": "ओटीपी पुनः भेजें",
		"VERIFICATION": "सत्यापन",
		"AN_ACCOUNT": "मेरे पास एक खाता है ?",
		"SEND": "भेजना",
		"VERIFICATION_LINK": "अभी तक सत्यापन लिंक प्राप्त नहीं हुआ है?",
		"SELECT_ACCOUNT": "खाता सत्यापन विधि चुनें",
		"RESEND": "पुन: भेजें",
		"SMS": "एसएमएस",
		"ALL": "सभी",
		"KNOWN": "मालूम",
		"UNKNOWN": "अनजान",
		"WORDS": "शब्दों",
		"AI_SCORE_": "एआई स्कोर",
		"DEVELOPMENT_STRUCTURE": "विकास, संरचना और सुसंगतता",
		"GENERAL_LINGUISTIC": "सामान्य भाषाई रेंज",
		"PROGRESS": "प्रगति",
		"GO_TO": "के लिए जाओ",
		"PRAC_TICED": "अभ्यास",
		"NOT_PRACTICED": "अभ्यास नहीं किया गया",
		"PREDICTION": "भविष्यवाणी",
		"BOOKMARK": "बुकमार्क",
		"EXTRA_PAGE_PASSING": "क्षमा करें आप इस पृष्ठ तक नहीं पहुंच सकते",
		"QUESTIONS": "प्रशन",
		"SUMMMERY": "सारांश और सार",
		"SCRIPT": "लिखी हुई कहानी",
		"X": "एक्स",
		"RECORDING": "रिकॉर्डिंग शुरू होगी",
		"BEGINNING": "शुरुआत",
		"AUDIO": "ऑडियो अनुमति आवश्यक",
		"NO_SCORE": "अभी दिखाने के लिए कोई स्कोर नहीं",
		"GOOD_WORD": "अच्छे शब्दों में",
		"BAD_WORD": "गाली",
		"NOTE": "नोट: कुछ उपकरणों में ऑडियो प्लेयर संगत नहीं है।",
		"ANNOTATION": "एनोटेशन",
		"OVER_ALL_PRIDICTION": "समग्र स्कोर की भविष्यवाणी केवल आपकी वर्तमान प्रतिक्रिया पर आधारित होती है।",
		"LOW_SCORE": "निम्न कारणों से कम अंक हो सकते हैं:",
		"MICROPHONE": "माइक्रोफ़ोन:",
		"MICROPHONE_TEXT": "एक अच्छा माइक्रोफोन और यह कैसे स्थित होता है यह एक महत्वपूर्ण भूमिका निभाता है।",
		"PAUSES": "विराम:",
		"PAUSES_TEXT": "आपकी प्रतिक्रिया में ऐसे विराम नहीं होने चाहिए जो 2 या अधिक सेकंड की अवधि के हों।",
		"MISSING_AUDIO": "ऑडियो गुम है:",
		"AUD_IO": "कुछ मोबाइल उपकरणों में ऑडियो प्लेयर संगत नहीं है।",
		"DICTIONARY": "शब्दकोश",
		"CLICK_WORD": "शब्दकोश देखने के लिए शब्दों पर क्लिक करें",
		"REMOVE": "हटाना",
		"ADD_VOCAB_BANK": "वोकैब बैंक में जोड़ें",
		"DEFINITION": "परिभाषा",
		"EXAMPLE": "उदाहरण",
		"FORGOT": "पासवर्ड भूल गए",
		"CREATE_ACCOUNT": "खाता बनाएं",
		"HINDI": "हिन्दी",
		"PUNJABI": "पंजाबी",
		"STRATEGY": "रणनीति वीडियो",
		"CATEGORIES": "श्रेणियाँ",
		"SUBSCRIBE": "सदस्यता लें",
		"RESTRICTED": "उपयोग प्रतिबंधित",
		"UPGRADE_FEATURE": "कृपया इस सुविधा को एक्सेस करने के लिए अपग्रेड करें",
		"SURE": "क्या आपको यकीन है?",
		"PRACTICE_HISTORY": "यह आपके सभी अभ्यास इतिहास को हटा देगा।",
		"ACTION": "आप इस क्रिया को पूर्ववत नहीं कर सकते।",
		"RE_SET": "रीसेट",
		"PREREQUISITES": "आवश्यक शर्तें",
		"GOOGLE_APP": "अल्फापीटीई का उपयोग जारी रखने के लिए कृपया Google ऐप इंस्टॉल करें।",
		"ALREADY_INSTALL": "यदि पहले से स्थापित है, तो कृपया इसे सक्षम करें।",
		"INSTALL": "स्थापित करना",
		"DOWNLOADING": "डाउनलोड",
		"APPEARED_AGAIN": "फिर से दिखाई दिया",
		"HOME": "घर",
		"STUDY_PLAN_": "पढ़ाई के लिए बनाई गई योजना",
		"STRATEGIES": "रणनीतियाँ",
		"ACC_OUNT": "खाता",
		"BEGINNING_IN": "शुरुआत",
		"_SEC": "सेकंड",
		"COMMENT": "टिप्पणी",
		"ADD_COMMENT": "कृपया टिप्पणी जोड़ें",
		"COMMENT_HERE": "यहां कमेंट करें...",
		"UNDERSTAND_PROCEED": "हां, मैं समझता हूं और मैं आगे बढ़ना चाहता हूं",
		"DELETE_PROFILE": "यह क्रिया आपकी प्रोफ़ाइल को स्थायी रूप से हटा देगी।",
		"LOST": "अभ्यास सहित आपका सारा डेटा। नकली परीक्षण और सदस्यता खो जाएगी।",
		"UNDO": "आप इस क्रिया को पूर्ववत नहीं कर सकते।",
		"DELETE": "मिटाना",
		"WHITE": "खाली स्थान के",
		"SUGGE_STION": "सुझाव :",
		"LOGOUT": "क्या आप लॉग आउट करना चाहते हैं?",
		"LOG_OUT": "लॉग आउट",
		"ACCESS_PHONE": "कृपया एआई स्कोरिंग के लिए अपने ऑडियो प्रतिक्रियाओं को रिकॉर्ड करने और अपलोड करने के लिए ऐप को अपने फोन के माइक्रोफ़ोन और स्टोरेज तक पहुंचने दें।",
		"DENY": "अस्वीकार करना",
		"ALLOW": "अनुमति",
		"TIMING": "समय:",
		"SHARE_VIA": "के माध्यम से बाँटे",
		"WHATSAPP_INSTALLED": "सुनिश्चित करें कि आपके डिवाइस पर व्हाट्सएप इंस्टॉल है",
		"TELEGRAM_INSTALLED": "सुनिश्चित करें कि आपके डिवाइस पर टेलीग्राम स्थापित है",
		"CODE_COPIED": "कोड कॉपी किया गया",
		"VERSION": "संस्करण",
		"OTP_SENT": "ओटीपी भेजा गया",
		"INVALIDE_CODE": "अमान्य कोड।",
		"NUMBER_VERIFIED": "संख्या सत्यापित",
		"OTP_SEND": "ओटीपी सफलतापूर्वक भेजें",
		"FREE_PREMIUM_PLAN": "फ्री प्रीमियम प्लान",
		"FREE_PLAN": "फ्री प्लान",
		"SELECT_EXAM_DATE": "कृपया अपनी परीक्षा तिथि चुनें",
		"SUBMITTED": "सफलतापूर्वक जमा",
		"AI_POWERED": "एआई-संचालित स्कोरिंग",
		"SECTIONAL_MOCK_TEST": "अनुभागीय मॉक टेस्ट",
		"FULL_MOCK_TEST": "फुल मॉक टेस्ट",
		"STRATEGY_VIDEOS": "रणनीति वीडियो",
		"WEEKLY_PREDICTIONS": "साप्ताहिक भविष्यवाणियां",
		"PAYMENT_VERIFIED": "भुगतान सफलतापूर्वक सत्यापित किया गया।",
		"VERIFICATION_FAILED": "भुगतान सत्यापन विफल। यदि सफलतापूर्वक भुगतान किया गया है, तो कृपया बाद में `भुगतान स्थिति ताज़ा करें` पर क्लिक करें",
		"ALFAPTE": "(अल्फापीटीई - पीटीई प्रैक्टिस ऐप)",
		"PLANS": "योजनाओं",
		"REFRESH_PAYMENT": "भुगतान स्थिति ताज़ा करें",
		"FEATURES": "विशेषताएँ",
		"SELECT_PHOTO": "एक फोटो चुनें",
		"TAKE_PHOTO": "फोटो लो...",
		"CHOOSE_LIBRARY": "पुस्तकालय से चुनें...",
		"PHONE_NUMBER": "फ़ोन नंबर",
		"NO_FOUND": "कोई ऐप नहीं मिला",
		"EXPIRING_SOON": "जल्द ही समाप्त हो रहा है",
		"RENEW_NOW": "अब नवीनीकृत करें",
		"DOCUMENT_NO_FOUND": "दस्तावेज़ अपलोड करें नहीं मिला",
		"BOOKMARKED": "बुकमार्क",
		"DELETE_SUCCESS": "सफलतापूर्वक मिटाया गया",
		"YOUR": "तुम्हारी",
		"USER": "उपयोगकर्ता का",
		"CORRECT_ANSWER": "सही उत्तर",
		"USER_RESPONSE": "उपयोगकर्ता की प्रतिक्रिया",
		"AMERICAN": "अमेरिकन",
		"BRITISH": "अंग्रेजों",
		"CORRECT_WORDS": "सही शब्द",
		"MISSED_WORDS": "छूटे हुए शब्द",
		"MISSPLET": "गलत वर्तनी / गलत शब्द",
		"CHECK_ERROR": "त्रुटि की जांच के लिए कृपया हाइलाइट किए गए शब्द पर क्लिक करें",
		"LOGIN_FAIL": "लॉगिन त्रुटि के साथ विफल:",
		"ALFA_RIGHT": "सर्वाधिकार सुरक्षित - अल्फा पीटीई",
		"ALFA_RIGHTS": "सर्वाधिकार सुरक्षित - www.alfapte.com",
		"SELECT_ANSWER": "उत्तर चुनें",
		"WORD_REMOVE": "शब्द सफलतापूर्वक निकाला गया",
		"WORD_ADD": "शब्द सफलतापूर्वक जोड़ा गया",
		"SELECT_BLANK": "चयनित रिक्त स्थान में ड्रॉप करने के लिए किसी भी शब्द पर क्लिक करें",
		"CHANGE_ORDER": "विकल्प को देर तक दबाकर क्रम बदलें",
		"SEE_OPTIONS": "विकल्प देखने के लिए रिक्त स्थान पर क्लिक करें",
		"VERIFICATION_LINK_SENT": "आपके ईमेल पर एक सत्यापन लिंक भेज दिया गया है",
		"ADD_NOTE": "कृपया नोट जोड़ें",
		"NOTES": "टिप्पणियाँ",
		"SAVE": "बचाना",
		"ENTER_NOTE": "नोट दर्ज करें...",
		"WORD_NOT_FOUND": "शब्द नहीं मिला",
		"LOAD_MORE": "और लोड करें",
		"RESPONSE_LESS_THAN": "प्रतिक्रिया 15 सेकंड से कम है",
		"QUESTION_TITLE": "प्रश्न शीर्षक / संख्या",
		"STRATEGIES_VIDEOS": "रणनीति वीडियो",
		"INSTALL_YOUTUBE": "सुनिश्चित करें कि आपके डिवाइस पर Youtube स्थापित है",
		"TARGET_UPDATE": "लक्ष्य अपडेट किया गया",
		"SCORE_PRONUN": "एआई स्कोर और उच्चारण",
		"SCORE_CORRECTION": "एआई स्कोर और सुधार",
		"IMMEDIATE_FEEDBACK": "तत्काल प्रतिक्रिया",
		"DAILY_UPDATED": "प्रश्न दैनिक अद्यतन",
		"SET_TARGET": "अपना लक्ष्य निर्धारित करें",
		"YOUR_TARGET": "आपका लक्ष्य:",
		"HELLO": "नमस्ते",
		"NICE_DAY": "आपका दिन शुभ हो",
		"ALL_THE_BEST": "शुभकामनाएं",
		"SYSTEM_DETECT": "क्या सिस्टम ने पता लगाया कि आपने क्या कहा?",
		"DETECT_YOUR_VOICE": "क्या सिस्टम ने आपकी आवाज़ का पता लगाया?",
		"YOUR_VOOICE": "क्या सिस्टम ने आपकी आवाज़ का पता लगाया",
		"YES": "हाँ",
		"NO": "नहीं",
		"SPEECH_COMPLETED": "भाषण अंशांकन पूरा हो गया है।",
		"AI_SPEECH": "एआई स्पीच कैलिब्रेशन",
		"INTELLIGENCE_SCORE": "अगले 3 चरण आर्टिफिशियल इंटेलिजेंस स्कोरिंग के लिए आपके भाषण को कैलिब्रेट करेंगे।",
		"STEP": "कदम:",
		"OF": "का",
		"KNO_WN": "ज्ञात",
		"UNK_NOWN": "अनजान",
		"LANGUAGE": "अपनी भाषा चुनिए",
		"SCORE_BRITISH": "एआई स्कोर (ब्रिटिश)",
		"SCORE_AMERICAN": "एआई स्कोर (अमेरिकी)",
		"WORD_COUNT": "शब्द गणना:",
		"YOUR_SUMMARY": "अपना सारांश यहाँ टाइप करें..",
		"PLAY_BACK": "प्लेबैक",
		"SPEECH_TO_TEXT": "पाठ के लिए भाषण",
		"OK": "ठीक है",
		"NO_RESULT": "माफ़ करना! कोई परिणाम नहीं मिला",
		"YOUIR_ANSWER": "आपका उत्तर",
		"BRI_TISH": "अंग्रेजों :",
		"AMER_ICAN": "अमेरिकन :",
		"USER_HASH": "उपयोगकर्ता #:",
		"SHOW": "प्रदर्शन",
		"HIDE": "छिपाना",
		"VERIFICATION_SUCCESS": "सत्यापन सफल",
		"APPLY": "आवेदन करना",
		"NOTE_SAVE_SUCCESS": "नोट सफलतापूर्वक सहेजा गया",
		"S_TASK": "का टास्क",
		"LANGUAGES": "बोली",
		"SELECT_LANGUAGE": "भाषा चुने",
		"READALL": "सब पढ़ो",
		"DELETEALL": "सभी हटा दो",
		"BUYNOW": "अभी खरीदें",
		"VIEWALL": "सभी को देखें",
		"VIEWALLNOTIFICATIONS": "सूचनाएं देखें",
		"FORUM": "मंच",
		"ERROR": "गलती",
		"COMMENT_S": "टिप्पणी",
		"CATEGORY_C": "श्रेणी :",
		"NEWQUES": "नए प्रश्न",
		"ATTACHFILE": "फ़ाइल जोड़ें",
		"SUBMITLOWER": "प्रस्तुत करना",
		"AREYOUSURE": "क्या आप वाकई सभी को हटाना चाहते हैं?",
		"AREYOUSUREDELETE": "क्या आप वाकई हटाने के इच्छुक हैं ?",
		"RENUE": "नवीकरण",
		"ADDCOM": "टिप्पणी",
		"NO_FORUM": "अभी दिखाने के लिए कोई फ़ोरम नहीं है",
		"TRY_LATER": "कृपया कुछ देर बाद प्रयास करें"
	}
}
