{
	"translation": {
		"SESSION_EXPIRED": "Sessione scaduta!!",
		"PTE_PRACTICE_APP": "APP PER PRATICA PTE",
		"EMAIL": "E-mail",
		"LOGIN_TITLE": "Simulazione di esami reali e punteggio AI",
		"SUBTITLE": "Accedi all'app PTE più avanzata con",
		"ENTER_YOUR_EMAIL": "Inserisci il tuo indirizzo email",
		"PASSWORD": "Parola d'ordine",
		"ENTER_PASSWORD": "Inserisci la tua password",
		"REMEMBER": "Ricordati di me",
		"FORGET_PASSWORD": "Hai dimenticato la password?",
		"LOGIN": "Login",
		"OR": "O",
		"ACCOUNT": "Non hai un account?",
		"SIGN_UP": "Iscrizione",
		"T_AND_C": "Termini e Condizioni",
		"NO_INTERNET": "Nessuna connessione internet",
		"TRANSACTION": "Nessuna transazione avvenuta",
		"ACCOUNT_": "Cronologia dell'account",
		"ACCOUNT_SHARE": "Condividi questo link con gli amici e ottieni ore premium GRATUITE",
		"FAQS": "Domande frequenti",
		"POLICY": "Informativa sulla privacy / Accordo con l'utente",
		"TERMS": "Termini & Condizioni",
		"CHANGE_PASSWORD": "Cambia la password",
		"DARK_MODE": "Modalità scura",
		"NOTIFICATION": "Notifica",
		"PRIVACY": "politica sulla riservatezza",
		"MANAGE_ACCOUNT": "Gestisci profilo",
		"BUY": "Acquistare",
		"SHARE": "Condividi e guadagna",
		"MT_CODE": "Codici di test fittizi",
		"CONTACT": "Contatto",
		"SPEECH_CALIBRATION": "Calibrazione vocale",
		"SIGN_OUT": "Disconnessione",
		"TEST_CODE": "Hai generato correttamente un codice di sblocco monouso.",
		"ALREADY_GENRATED": "Hai già generato un codice utilizzando questo dispositivo. Riprova dopo",
		"DAY": "giorni.",
		"ENTER_PHONE": "Inserisci il tuo telefono",
		"VALID_MAIL": "Inserire una email valida, grazie",
		"VALID_NAME": "Si prega di inserire il nome",
		"VALID_NUMBER": "Si prega di inserire il numero",
		"VALID_PASSWORD": "Per favore inserisci LA TUA password",
		"VALID_CONFIRM_PASSWORD": "Per favore inserisci la tua password di conferma",
		"PASSWORD_MISMATCH": "La password non corrisponde",
		"VALID_CITY": "Si prega di inserire il nome della città",
		"ENTER_NAME": "Inserisci il tuo nome",
		"NAME": "Nome",
		"CITY": "Città",
		"ENTER_CITY": "Seleziona la tua città",
		"CONFIRM": "Conferma password",
		"ENTER_CNFM_PASSWORD": "Inserisci nuovamente la tua password",
		"NEXT": "Prossimo",
		"JOIN": "Iscriviti adesso",
		"ALREADY_ACCOUNT": "Hai già un account?",
		"SIGN_IN": "Registrazione",
		"CANCEL": "Annulla",
		"SUBMIT": "SOTTOSCRIVI",
		"PREMIUM_PLAN": "Piano Premium",
		"MEMBERSHIP_EXPIRE": "L'abbonamento scade il",
		"UPGRADE_PREMIUM": "Passa a Premium",
		"TRANSACTION_": "Nessuna transazione avvenuta",
		"MANAGE_ACCO_UNT": "Gestisci profilo",
		"CURRENT_PLAN": "Piano attuale",
		"DATE": "Data esame",
		"REQUIRED": "(Necessario)",
		"DATE_FORMAT": "gg-mm-aaaa",
		"VENUE": "Seleziona la sede dell'esame",
		"EXAM_VENUE": "Sede d'esame",
		"OPTIONAL": "(opzionale)",
		"MEMORY": "Memoria d'esame",
		"SHARE_MEMORY": "Si prega di condividere la memoria dell'esame",
		"APPEARED": "QUESTA DOMANDA È APPARSA NEL MIO ESAME",
		"APPEARED_TITLE": "Confermando questo puoi aiutare gli altri partecipanti al test a ottenere una previsione accurata per il loro esame.",
		"SUB_MIT": "Invia",
		"SUBSCRIPTION": "Sottoscrizione",
		"OLD_PASS_VALID": "Per favore inserisci la tua vecchia password",
		"NEW_PASS_VALID": "Per favore inserisci la tua nuova password",
		"CONFIRM_PASS_VALID": "Si prega di inserire la password di conferma",
		"PASS_WORD_MISMATCH": "Le passwords non corrispondono",
		"OLD_PASSWORD": "Password attuale",
		"NEW_PASSWORD": "nuova password",
		"COUNTRY": "Seleziona il paese",
		"STATE": "Seleziona stato",
		"CI_TY": "Seleziona Città",
		"SEARCH_YOUR_CITY": "Cerca la tua città",
		"SEARCH_COUNTRY": "Cerca paese",
		"SEARCH_STATE": "Stato di ricerca",
		"SEARCH_CITY": "Cerca città",
		"FULL_NAME": "Nome e cognome",
		"ADDRESS": "Indirizzo",
		"UPDATE": "Aggiorna il profilo",
		"RESET": "Ripristina profilo",
		"ISSUE": "Seleziona Tipo",
		"TECHNICAL": "Tecnico",
		"OTHER": "Altro",
		"ENTER_TITLE": "Inserisci il titolo",
		"TITLE_HERE": "Il titolo va qui",
		"PLE_ENTER_TITLE": "'Per favore, inserisci il titolo",
		"ENTER_DESCRIPTION": "Si prega di inserire il messaggio",
		"MESSAGE": "Messaggio",
		"MESSAGE_HERE": "Il tuo messaggio va qui",
		"DOCUMENT": "Caricamento documenti",
		"OVERALL": "Complessivamente",
		"READING": "Lettura",
		"WRITING": "Scrivere",
		"LISTEN": "Ascoltando",
		"SPEAKING": "A proposito di",
		"GRAMMAR": "Grammatica",
		"FLUENCY": "Scioltezza",
		"PRONOUN": "Pronome",
		"SPELLING": "Ortografia",
		"VOCAB": "Vocabolario",
		"DISCOURSE": "Discorso",
		"SCORE_REPORT": "Analisi del rapporto del punteggio AI",
		"REPORT": "RAPPORTO ANALIZZATO",
		"HEADING": "Le regole menzionate di seguito ti aiuteranno nei moduli di lettura. si consiglia di passare attraverso di loro per migliorare i punteggi di lettura.",
		"HOURS": "Ore",
		"MIN": "min",
		"SEC": "Sez",
		"DAYS": "Giorni",
		"CON_FIRM": "Confermare",
		"PREMIUM": "PREMIO",
		"FREE PREMIUM": "PREMIO GRATUITO",
		"EXAM_COUNT_DOWN": "Conto alla rovescia per esami",
		"COMPLETED": "Completato",
		"PRACTICE": "Pratica",
		"QUESTION": "Domanda",
		"STUDY_TOOL": "Strumenti di studio",
		"TEMPLATES": "Modelli",
		"TEMPLATE": "I nostri modelli collaudati da scaricare e preparare.",
		"PREDECTION": "Predizioni",
		"PREDICT": "I nostri file di previsione settimanali contengono domande che hanno una maggiore possibilità di ripetizione.",
		"GRAMMER": "queste regole grammaticali ti aiuteranno nel modulo Lettura.",
		"VOCAB_BANK": "Puoi aggiungere parole difficili a questo elenco per esercitarti.",
		"VOC_AB": "Vocabolario-Banca",
		"SCORE": "Feedback sul punteggio",
		"SCORE_FEEDBACK": "Riceverai un feedback analizzato sul tuo punteggio precedente.",
		"MARK": "Marcatura",
		"MARKING": "Questo ti fornirà la suddivisione del punteggio di ogni domanda.",
		"ALFA": "Alfa PTE",
		"NEW": "Nuovo",
		"PREDI_CTION": "Predizione",
		"PRACTICED": "Praticato",
		"REMAIN_TIME": "Tempo rimanente",
		"COUNT": "Conteggio parole",
		"SUMMARY": "Digita qui la tua risposta..",
		"TRANSCRIPT": "Trascrizione",
		"TIME": "Volta",
		"ANSWER": "Risposta",
		"AI_SCORE": "PUNTEGGIO AI",
		"ENABLING_SKILLS": "Abilità abilitanti",
		"CONTENT": "Contenuto",
		"SPELLINGS": "Ortografia",
		"GRAM_MER": "Grammatica",
		"FORM": "Modulo",
		"VOCABULARY_RANGE": "Gamma di vocaboli",
		"YOUR_RESPONSE": "La tua risposta",
		"SUGGESTIONS": "Suggerimenti",
		"TOTAL_WORDS": "Parole totali",
		"ENGLISH": "inglese",
		"TIME_TAKEN": "TEMPO IMPIEGATO",
		"MINUTE": "Minuto",
		"SECOND": "Secondo",
		"TARGET_SCORE": "Punteggio obiettivo",
		"SST": "Riassumi il testo parlato",
		"MCM": "Scelta multipla, risposta multipla",
		"FIB": "Riempi gli spazi vuoti",
		"HCS": "Evidenzia Riepilogo corretto",
		"MCS": "Scelta multipla, risposta singola",
		"SMW": "Seleziona Parola mancante",
		"HIC": "Evidenzia le parole errate",
		"WFD": "Scrivi da dettatura",
		"LISTENING": "ASCOLTANDO",
		"FORCE_UPDATE": "Nuovo aggiornamento disponibile",
		"UPD_ATE": "Aggiornare",
		"UNDER_MAINTENCE": "In manutenzione",
		"PREDICTION_TITLE": "I nostri file di previsione settimanale conterranno tutte le domande importanti che hanno maggiori possibilità di ripetizione negli esami imminenti.",
		"MY_SCORE": "Il mio punteggio",
		"COMMUNITY_SCORE": "Punteggio comunitario",
		"MULTIPLE_CHOICE": "Scelta multipla, risposte multiple",
		"REORDER": "Riordina paragrafo",
		"REA_DING": "Lettura: riempi gli spazi vuoti",
		"READING_WRITING": "Lettura e scrittura: riempi gli spazi vuoti",
		"READ_ING": "LETTURA",
		"SCORE_FEED_BACK": "Feedback sul punteggio",
		"REAL_EXAM": "Vero Esame",
		"MOCK_TEST": "Simulazione",
		"SUBMIT_OVERALL_TEXT": "'Si prega di inviare il punteggio complessivo",
		"SUBMIT_GRAMMER": "Invia il tuo punteggio grammaticale",
		"SUBMIT_WRITING": "Si prega di inviare il punteggio di scrittura",
		"SUBMIT_SPEAKING": "Si prega di inviare il tuo punteggio di parlato",
		"SUBMIT_READING": "Si prega di inviare il punteggio di lettura",
		"SUBMIT_LISTEN": "Invia il tuo punteggio di ascolto",
		"SUBMIT_ORAL_FLUENCY": "Invia il tuo punteggio di Fluenza orale",
		"SUBMIT_PRONOUN": "Invia il tuo punteggio di pronuncia",
		"SUBMIT_SPELL": "Invia il tuo punteggio di ortografia",
		"SUBMIT_VOCAB": "Invia il tuo punteggio di vocabolario",
		"SUBMIT_DISCOURSE": "Si prega di inviare il punteggio del discorso",
		"SUBMIT_DATE": "Si prega di selezionare la data",
		"CATEGORY": "Categoria d'esame",
		"EXAM_DATE": "Data esame",
		"SCORE_": "Punto",
		"PRONOUNCIATION": "Pronuncia",
		"ORAL_FLUENCY": "Scioltezza orale",
		"VOCABULARY": "Vocabolario",
		"WRITTING_DISCOURSE": "Discorso scritto",
		"RA": "LEGGERE AD ALTA VOCE",
		"RTL": "RIVELA LEZIONE",
		"RS": "RIPETI LA FRASE",
		"ASQ": "RISPONDI A DOMANDA BREVE",
		"DI": "DESCRIVERE L'IMMAGINE",
		"SWT": "RIASSUMERE IL TESTO SCRITTO",
		"WE": "SCRIVERE SAGGIO",
		"ROP": "RIORDINE PARAGRAFO",
		"RWFBI": "R&W: RIEMPI GLI SPAZI",
		"RFBI": "LETTURA COMPILA GLI SPAZI",
		"SS_T": "RIASSUMERE IL TESTO PARLATO",
		"MC_M": "MCQ-MULTIPLE",
		"FI_B": "RIEMPIRE GLI SPAZI",
		"MC_S": "MCQ-SINGOLO",
		"HC_S": "EVIDENZIA RIEPILOGO CORRETTO",
		"SM_W": "SELEZIONA LA PAROLA MANCANTE",
		"HIS": "EVIDENZIA LE PAROLE ERRATE",
		"WF_D": "SCRIVERE DA DETTATO",
		"SUMMARIZE": "Riassumi il testo scritto",
		"EASY": "Scrivi Saggio",
		"WRIT_ING": "SCRIVERE",
		"VIEW_MORE": "Visualizza di più",
		"SEARCH": "Ricerca",
		"TYPE": "Digitare qui..",
		"APPE_ARED": "Apparso",
		"HASH": "#",
		"READ_ALOUD": "Leggere ad alta voce",
		"REPEAT_SENTENCE": "Ripeti la frase",
		"DESCRIBE_IMAGE": "Descrivi l'immagine",
		"RETELL_LECTURE": "Re-raccontare lezione",
		"ANSWER_SHORT": "Rispondi a una breve domanda",
		"STUDY": "Piano di studio",
		"TASK_COMPLETED": "Compito completato",
		"NOT_COMPLETED": "Attività non completata",
		"NO_LOGIN": "Non è stato effettuato l'accesso",
		"UPGRADE": "Si prega di aggiornare a",
		"PREM_IUM": "Premium",
		"STUDY_PLAN": "per visualizzare il tuo Piano di Studio",
		"TASK_ASSIGNED": "Nessun compito è stato assegnato",
		"PLEASE_SET_TARGET": "Imposta il tuo punteggio target per visualizzare il tuo piano di studi",
		"TEMPLATE_HEADING": "Abbiamo reso disponibile la nostra struttura di modelli collaudata per il download e la preparazione.",
		"OTP": "Inserisci OTP",
		"VERIFY": "Verificare",
		"RESENT_OTP": "Invia nuovamente OTP",
		"VERIFICATION": "Verifica",
		"AN_ACCOUNT": "Ho un account ?",
		"SEND": "Inviare",
		"VERIFICATION_LINK": "Non hai ancora ricevuto il link di verifica?",
		"SELECT_ACCOUNT": "Seleziona un metodo di verifica dell'account",
		"RESEND": "Rinviare",
		"SMS": "sms",
		"ALL": "Tutto",
		"KNOWN": "Conosciuto",
		"UNKNOWN": "Sconosciuto",
		"WORDS": "PAROLE",
		"AI_SCORE_": "Punteggio AI",
		"DEVELOPMENT_STRUCTURE": "Sviluppo, struttura e coerenza",
		"GENERAL_LINGUISTIC": "Gamma linguistica generale",
		"PROGRESS": "Progresso",
		"GO_TO": "Vai a",
		"PRAC_TICED": "Praticato",
		"NOT_PRACTICED": "Non praticato",
		"PREDICTION": "PREDIZIONE",
		"BOOKMARK": "SEGNALIBRO",
		"EXTRA_PAGE_PASSING": "Spiacenti, non puoi accedere a questa pagina",
		"QUESTIONS": "Domande",
		"SUMMMERY": "Riepilogo e riassunto",
		"SCRIPT": "copione",
		"X": "X",
		"RECORDING": "La registrazione inizierà tra",
		"BEGINNING": "A partire da",
		"AUDIO": "Permesso audio richiesto",
		"NO_SCORE": "NESSUN PUNTEGGIO DA MOSTRARE ANCORA",
		"GOOD_WORD": "Buone parole",
		"BAD_WORD": "Parolacce",
		"NOTE": "Nota: il lettore audio non è compatibile con alcuni dispositivi.",
		"ANNOTATION": "Annotazioni",
		"OVER_ALL_PRIDICTION": "La previsione del punteggio complessivo si basa solo sulla tua risposta attuale.",
		"LOW_SCORE": "Un punteggio basso potrebbe essere dovuto ai seguenti motivi:",
		"MICROPHONE": "Microfono:",
		"MICROPHONE_TEXT": "Un buon microfono e il modo in cui è posizionato giocano un ruolo importante.",
		"PAUSES": "Pause:",
		"PAUSES_TEXT": "La tua risposta non deve contenere pause di 2 o più secondi.",
		"MISSING_AUDIO": "Audio mancante:",
		"AUD_IO": "Il lettore audio non è compatibile con alcuni dispositivi mobili.",
		"DICTIONARY": "DIZIONARIO",
		"CLICK_WORD": "Fare clic su Parole per controllare il dizionario",
		"REMOVE": "Rimuovere",
		"ADD_VOCAB_BANK": "Aggiungi alla banca Vocab",
		"DEFINITION": "Definizione",
		"EXAMPLE": "Esempio",
		"FORGOT": "HA DIMENTICATO LA PASSWORD",
		"CREATE_ACCOUNT": "Creare un profilo",
		"HINDI": "hindi",
		"PUNJABI": "punjabi",
		"STRATEGY": "Video di strategia",
		"CATEGORIES": "Categorie",
		"SUBSCRIBE": "SOTTOSCRIVI",
		"RESTRICTED": "ACCESSO LIMITATO",
		"UPGRADE_FEATURE": "Si prega di eseguire l'upgrade per accedere a questa funzione",
		"SURE": "Sei sicuro?",
		"PRACTICE_HISTORY": "Questo cancellerà tutta la tua cronologia di pratica.",
		"ACTION": "Non puoi annullare questa azione.",
		"RE_SET": "Ripristina",
		"PREREQUISITES": "Prerequisiti",
		"GOOGLE_APP": "Installa l'app Google per continuare a utilizzare AlfaPTE.",
		"ALREADY_INSTALL": "Se già installato, abilitalo.",
		"INSTALL": "Installare",
		"DOWNLOADING": "Download",
		"APPEARED_AGAIN": "È apparso di nuovo",
		"HOME": "Casa",
		"STUDY_PLAN_": "Piano di studio",
		"STRATEGIES": "Strategie",
		"ACC_OUNT": "Account",
		"BEGINNING_IN": "A partire da",
		"_SEC": "Sez",
		"COMMENT": "COMMENTO",
		"ADD_COMMENT": "Si prega di aggiungere un commento",
		"COMMENT_HERE": "Commenta qui...",
		"UNDERSTAND_PROCEED": "Sì, ho capito e vorrei procedere",
		"DELETE_PROFILE": "Questa azione cancellerà definitivamente il tuo profilo.",
		"LOST": "Tutti i tuoi dati, compresa la pratica. i test fittizi e l'abbonamento andranno persi.",
		"UNDO": "Non puoi annullare questa azione.",
		"DELETE": "Elimina",
		"WHITE": "spazio bianco",
		"SUGGE_STION": "Suggerimento :",
		"LOGOUT": "Sei sicuro di voler uscire?",
		"LOG_OUT": "Disconnettersi",
		"ACCESS_PHONE": "Consenti all'app di accedere al microfono e alla memoria del tuo telefono per registrare e caricare le tue risposte audio per il punteggio AI.",
		"DENY": "NEGARE",
		"ALLOW": "PERMETTERE",
		"TIMING": "Volta:",
		"SHARE_VIA": "Condividere tramite",
		"WHATSAPP_INSTALLED": "Assicurati che WhatsApp sia installato sul tuo dispositivo",
		"TELEGRAM_INSTALLED": "Assicurati che Telegram sia installato sul tuo dispositivo",
		"CODE_COPIED": "Codice copiato",
		"VERSION": "Versione",
		"OTP_SENT": "OTP inviato",
		"INVALIDE_CODE": "Codice non VALIDO.",
		"NUMBER_VERIFIED": "Numero verificato",
		"OTP_SEND": "Invia con successo",
		"FREE_PREMIUM_PLAN": "Piano Premium gratuito",
		"FREE_PLAN": "Piano gratuito",
		"SELECT_EXAM_DATE": "si prega di selezionare la data dell'esame",
		"SUBMITTED": "Inviato con successo",
		"AI_POWERED": "Punteggio basato sull'intelligenza artificiale",
		"SECTIONAL_MOCK_TEST": "Prove fittizie sezionali",
		"FULL_MOCK_TEST": "Test fittizi completi",
		"STRATEGY_VIDEOS": "Video di strategia",
		"WEEKLY_PREDICTIONS": "Pronostici settimanali",
		"PAYMENT_VERIFIED": "Pagamento verificato con successo.",
		"VERIFICATION_FAILED": "Verifica del pagamento non riuscita. Se il pagamento è andato a buon fine, fai clic su \"Aggiorna stato pagamento\" più tardi",
		"ALFAPTE": "(AlfaPTE - App pratica PTE)",
		"PLANS": "Piani",
		"REFRESH_PAYMENT": "Aggiorna stato pagamento",
		"FEATURES": "Caratteristiche",
		"SELECT_PHOTO": "Seleziona una foto",
		"TAKE_PHOTO": "Fare foto...",
		"CHOOSE_LIBRARY": "Scegli dalla libreria...",
		"PHONE_NUMBER": "Numero di telefono",
		"NO_FOUND": "Nessuna app trovata",
		"EXPIRING_SOON": "In scadenza a breve",
		"RENEW_NOW": "Rinnova adesso",
		"DOCUMENT_NO_FOUND": "carica documenti non trovati",
		"BOOKMARKED": "Aggiunto ai preferiti",
		"DELETE_SUCCESS": "Eliminato con successo",
		"YOUR": "Tuo",
		"USER": "dell'utente",
		"CORRECT_ANSWER": "Risposta corretta",
		"USER_RESPONSE": "Risposta dell'utente",
		"AMERICAN": "americano",
		"BRITISH": "Britannico",
		"CORRECT_WORDS": "Parole corrette",
		"MISSED_WORDS": "Parole perse",
		"MISSPLET": "Errore di ortografia / Parole sbagliate",
		"CHECK_ERROR": "Fare clic sulla parola evidenziata per verificare l'errore",
		"LOGIN_FAIL": "Accesso fallito con errore:",
		"ALFA_RIGHT": "Tutti i diritti riservati - Alfa PTE",
		"ALFA_RIGHTS": "Tutti i diritti riservati - www.alfapte.com",
		"SELECT_ANSWER": "Seleziona Rispondi",
		"WORD_REMOVE": "Parola rimossa con successo",
		"WORD_ADD": "Parola aggiunta con successo",
		"SELECT_BLANK": "Fare clic su qualsiasi parola da inserire nello spazio vuoto selezionato",
		"CHANGE_ORDER": "Modifica l'ordine premendo a lungo l'opzione",
		"SEE_OPTIONS": "Fare clic sugli spazi vuoti per vedere le opzioni",
		"VERIFICATION_LINK_SENT": "Un link di verifica è stato inviato alla tua email",
		"ADD_NOTE": "Si prega di aggiungere una nota",
		"NOTES": "Appunti",
		"SAVE": "Salva",
		"ENTER_NOTE": "Inserisci nota...",
		"WORD_NOT_FOUND": "Parola non trovata",
		"LOAD_MORE": "CARICA DI PIÙ",
		"RESPONSE_LESS_THAN": "La risposta è inferiore a 15 secondi",
		"QUESTION_TITLE": "Titolo/Numero della domanda",
		"STRATEGIES_VIDEOS": "Video di strategie",
		"INSTALL_YOUTUBE": "Assicurati che Youtube sia installato sul tuo dispositivo",
		"TARGET_UPDATE": "Obiettivo aggiornato",
		"SCORE_PRONUN": "Punteggio e pronuncia Ai",
		"SCORE_CORRECTION": "Punteggio e correzione Ai",
		"IMMEDIATE_FEEDBACK": "Feedback immediato",
		"DAILY_UPDATED": "Domande aggiornate quotidianamente",
		"SET_TARGET": "Imposta il tuo obiettivo",
		"YOUR_TARGET": "Il tuo obiettivo:",
		"HELLO": "Ciao",
		"NICE_DAY": "Buona giornata",
		"ALL_THE_BEST": "Ti auguro il meglio",
		"SYSTEM_DETECT": "Il sistema ha rilevato quello che hai detto?",
		"DETECT_YOUR_VOICE": "Il sistema ha rilevato la tua voce?",
		"YOUR_VOOICE": "Il sistema ha rilevato la tua voce",
		"YES": "sì",
		"NO": "No",
		"SPEECH_COMPLETED": "La calibrazione vocale è stata completata.",
		"AI_SPEECH": "Calibrazione vocale AI",
		"INTELLIGENCE_SCORE": "I prossimi 3 passaggi calibreranno il tuo discorso per il punteggio dell'intelligenza artificiale.",
		"STEP": "Fare un passo:",
		"OF": "di",
		"KNO_WN": "CONOSCIUTO",
		"UNK_NOWN": "SCONOSCIUTO",
		"LANGUAGE": "SCEGLI LA TUA LINGUA",
		"SCORE_BRITISH": "PUNTEGGIO AI (INGLESE)",
		"SCORE_AMERICAN": "PUNTEGGIO AI (AMERICANO)",
		"WORD_COUNT": "Conteggio parole:",
		"YOUR_SUMMARY": "Digita qui il tuo riepilogo..",
		"PLAY_BACK": "Riproduzione",
		"SPEECH_TO_TEXT": "Discorso al testo",
		"OK": "OK",
		"NO_RESULT": "Scusate! nessun risultato trovato",
		"YOUIR_ANSWER": "La tua risposta",
		"BRI_TISH": "Britannico :",
		"AMER_ICAN": "americano:",
		"USER_HASH": "Utente #:",
		"SHOW": "MOSTRARE",
		"HIDE": "NASCONDERE",
		"VERIFICATION_SUCCESS": "Verifica riuscita",
		"APPLY": "Applicare",
		"NOTE_SAVE_SUCCESS": "Nota salvata con successo",
		"S_TASK": "il compito",
		"LANGUAGES": "Le lingue",
		"SELECT_LANGUAGE": "Seleziona la lingua",
		"READALL": "Leggi tutto",
		"DELETEALL": "Cancella tutto",
		"BUYNOW": "Acquista ora",
		"VIEWALL": "Mostra tutto",
		"VIEWALLNOTIFICATIONS": "Visualizza le notifiche",
		"FORUM": "Forum",
		"ERROR": "Errore",
		"COMMENT_S": "Commento",
		"CATEGORY_C": "Categoria:",
		"NEWQUES": "Nuove ques",
		"ATTACHFILE": "Allega file",
		"SUBMITLOWER": "Invia",
		"AREYOUSURE": "Sei sicuro di voler eliminare tutto?",
		"AREYOUSUREDELETE": "Sei sicuro di voler eliminare ?",
		"RENUE": "Rinnovare",
		"ADDCOM": "Commento",
		"NO_FORUM": "NESSUN FORUM DA MOSTRARE ANCORA",
		"TRY_LATER": "Si prega di provare dopo qualche tempo"
	}
}
