{
	"translation": {
		"SESSION_EXPIRED": "ਸੈਸ਼ਨ ਦੀ ਮਿਆਦ ਪੁੱਗ ਗਈ !!",
		"PTE_PRACTICE_APP": "PTE ਪ੍ਰੈਕਟਿਸ ਐਪ",
		"EMAIL": "ਈ - ਮੇਲ",
		"LOGIN_TITLE": "ਅਸਲ ਪ੍ਰੀਖਿਆ ਸਿਮੂਲੇਸ਼ਨ ਅਤੇ ਏਆਈ ਸਕੋਰਿੰਗ",
		"SUBTITLE": "ਨਾਲ ਸਭ ਤੋਂ ਉੱਨਤ PTE ਐਪ ਵਿੱਚ ਲੌਗ ਇਨ ਕਰੋ",
		"ENTER_YOUR_EMAIL": "ਆਪਣਾ ਈ - ਮੇਲ ਭਰੋ",
		"PASSWORD": "ਪਾਸਵਰਡ",
		"ENTER_PASSWORD": "ਆਪਣਾ ਪਾਸਵਰਡ ਦਰਜ ਕਰੋ",
		"REMEMBER": "ਮੇਰੀ ਯਾਦ ਹੈ",
		"FORGET_PASSWORD": "ਆਪਣਾ ਪਾਸਵਰਡ ਭੁੱਲ ਗਏ?",
		"LOGIN": "ਲਾਗਿਨ",
		"OR": "ਜਾਂ",
		"ACCOUNT": "ਕੀ ਤੁਹਾਡੇ ਕੋਲ ਖਾਤਾ ਨਹੀਂ ਹੈ?",
		"SIGN_UP": "ਸਾਇਨ ਅਪ",
		"T_AND_C": "ਨਿਬੰਧਨ ਅਤੇ ਸ਼ਰਤਾਂ",
		"NO_INTERNET": "ਕੋਈ ਇੰਟਰਨੈਟ ਕਨੈਕਸ਼ਨ ਨਹੀਂ",
		"TRANSACTION": "ਕੋਈ ਲੈਣ-ਦੇਣ ਨਹੀਂ ਹੋਇਆ",
		"ACCOUNT_": "ਖਾਤਾ ਇਤਿਹਾਸ",
		"ACCOUNT_SHARE": "ਇਸ ਲਿੰਕ ਨੂੰ ਦੋਸਤਾਂ ਨਾਲ ਸਾਂਝਾ ਕਰੋ ਅਤੇ ਮੁਫਤ ਪ੍ਰੀਮੀਅਮ ਘੰਟੇ ਪ੍ਰਾਪਤ ਕਰੋ",
		"FAQS": "ਅਕਸਰ ਪੁੱਛੇ ਜਾਂਦੇ ਸਵਾਲ",
		"POLICY": "ਗੋਪਨੀਯਤਾ ਨੀਤੀ / ਉਪਭੋਗਤਾ ਸਮਝੌਤਾ",
		"TERMS": "ਨਿਯਮ ਅਤੇ ਸ਼ਰਤਾਂ",
		"CHANGE_PASSWORD": "ਪਾਸਵਰਡ ਬਦਲੋ",
		"DARK_MODE": "ਡਾਰਕ ਮੋਡ",
		"NOTIFICATION": "ਸੂਚਨਾ",
		"PRIVACY": "ਪਰਾਈਵੇਟ ਨੀਤੀ",
		"MANAGE_ACCOUNT": "ਖਾਤੇ ਦਾ ਪ੍ਰਬੰਧਨ ਕਰੋ",
		"BUY": "ਖਰੀਦੋ",
		"SHARE": "ਸ਼ੇਅਰ ਕਰੋ ਅਤੇ ਕਮਾਓ",
		"MT_CODE": "ਮੌਕ ਟੈਸਟ ਕੋਡ",
		"CONTACT": "ਸੰਪਰਕ ਕਰੋ",
		"SPEECH_CALIBRATION": "ਸਪੀਚ ਕੈਲੀਬ੍ਰੇਸ਼ਨ",
		"SIGN_OUT": "ਸਾਇਨ ਆਉਟ",
		"TEST_CODE": "ਤੁਸੀਂ ਸਫਲਤਾਪੂਰਵਕ ਇੱਕ ਸਿੰਗਲ-ਵਰਤੋਂ ਅਨਲੌਕ ਕੋਡ ਤਿਆਰ ਕੀਤਾ ਹੈ।",
		"ALREADY_GENRATED": "ਤੁਸੀਂ ਪਹਿਲਾਂ ਹੀ ਇਸ ਡਿਵਾਈਸ ਦੀ ਵਰਤੋਂ ਕਰਕੇ ਇੱਕ ਕੋਡ ਤਿਆਰ ਕੀਤਾ ਹੈ। ਬਾਅਦ ਵਿੱਚ ਦੁਬਾਰਾ ਕੋਸ਼ਿਸ਼ ਕਰੋ",
		"DAY": "ਦਿਨ",
		"ENTER_PHONE": "ਆਪਣਾ ਫ਼ੋਨ ਦਰਜ ਕਰੋ",
		"VALID_MAIL": "ਕਿਰਪਾ ਕਰਕੇ ਵੈਧ ਈਮੇਲ ਦਾਖਲ ਕਰੋ",
		"VALID_NAME": "ਕਿਰਪਾ ਕਰਕੇ ਨਾਮ ਦਰਜ ਕਰੋ",
		"VALID_NUMBER": "ਕਿਰਪਾ ਕਰਕੇ ਨੰਬਰ ਦਰਜ ਕਰੋ",
		"VALID_PASSWORD": "ਕਿਰਪਾ ਕਰਕੇ ਆਪਣਾ ਪਾਸਵਰਡ ਦਰਜ ਕਰੋ",
		"VALID_CONFIRM_PASSWORD": "ਕਿਰਪਾ ਕਰਕੇ ਆਪਣਾ ਪੁਸ਼ਟੀ ਪਾਸਵਰਡ ਦਰਜ ਕਰੋ",
		"PASSWORD_MISMATCH": "ਪਾਸਵਰਡ ਮੇਲ ਨਹੀਂ ਖਾਂਦਾ",
		"VALID_CITY": "ਕਿਰਪਾ ਕਰਕੇ ਸ਼ਹਿਰ ਦਾ ਨਾਮ ਦਰਜ ਕਰੋ",
		"ENTER_NAME": "ਆਪਣਾ ਨਾਮ ਦਰਜ ਕਰੋ",
		"NAME": "ਨਾਮ",
		"CITY": "ਸ਼ਹਿਰ",
		"ENTER_CITY": "ਆਪਣਾ ਸ਼ਹਿਰ ਚੁਣੋ",
		"CONFIRM": "ਪਾਸਵਰਡ ਪੱਕਾ ਕਰੋ",
		"ENTER_CNFM_PASSWORD": "ਆਪਣਾ ਪਾਸਵਰਡ ਦੁਬਾਰਾ ਦਰਜ ਕਰੋ",
		"NEXT": "ਅਗਲਾ",
		"JOIN": "ਹੁਣੇ ਸ਼ਾਮਲ ਹੋਵੋ",
		"ALREADY_ACCOUNT": "ਕੀ ਪਹਿਲਾਂ ਤੋਂ ਹੀ ਖਾਤਾ ਹੈ?",
		"SIGN_IN": "ਸਾਈਨ - ਇਨ",
		"CANCEL": "ਰੱਦ ਕਰੋ",
		"SUBMIT": "ਜਮ੍ਹਾਂ ਕਰੋ",
		"PREMIUM_PLAN": "ਪ੍ਰੀਮੀਅਮ ਪਲਾਨ",
		"MEMBERSHIP_EXPIRE": "ਸਦੱਸਤਾ ਦੀ ਮਿਆਦ ਖਤਮ ਹੋਣ 'ਤੇ",
		"UPGRADE_PREMIUM": "ਪ੍ਰੀਮੀਅਮ 'ਤੇ ਅੱਪਗ੍ਰੇਡ ਕਰੋ",
		"TRANSACTION_": "ਕੋਈ ਲੈਣ-ਦੇਣ ਨਹੀਂ ਹੋਇਆ",
		"MANAGE_ACCO_UNT": "ਖਾਤਾ ਪ੍ਰਬੰਧਿਤ ਕਰੋ",
		"CURRENT_PLAN": "ਮੌਜੂਦਾ ਯੋਜਨਾ",
		"DATE": "ਪ੍ਰੀਖਿਆ ਦੀ ਮਿਤੀ",
		"REQUIRED": "(ਲੋੜੀਂਦਾ)",
		"DATE_FORMAT": "dd-mm-yyyy",
		"VENUE": "ਕਿਰਪਾ ਕਰਕੇ ਆਪਣਾ ਇਮਤਿਹਾਨ ਸਥਾਨ ਚੁਣੋ",
		"EXAM_VENUE": "ਪ੍ਰੀਖਿਆ ਸਥਾਨ",
		"OPTIONAL": "(ਵਿਕਲਪਿਕ)",
		"MEMORY": "ਪ੍ਰੀਖਿਆ ਮੈਮੋਰੀ",
		"SHARE_MEMORY": "ਕਿਰਪਾ ਕਰਕੇ ਆਪਣੀ ਪ੍ਰੀਖਿਆ ਮੈਮੋਰੀ ਨੂੰ ਸਾਂਝਾ ਕਰੋ",
		"APPEARED": "ਇਹ ਸਵਾਲ ਮੇਰੀ ਪ੍ਰੀਖਿਆ ਵਿੱਚ ਆਇਆ ਹੈ",
		"APPEARED_TITLE": "ਇਸਦੀ ਪੁਸ਼ਟੀ ਕਰਕੇ ਤੁਸੀਂ ਦੂਜੇ ਪ੍ਰੀਖਿਆਰਥੀਆਂ ਦੀ ਉਹਨਾਂ ਦੀ ਪ੍ਰੀਖਿਆ ਲਈ ਸਹੀ ਭਵਿੱਖਬਾਣੀ ਕਰਨ ਵਿੱਚ ਮਦਦ ਕਰ ਸਕਦੇ ਹੋ।",
		"SUB_MIT": "ਜਮ੍ਹਾਂ ਕਰੋ",
		"SUBSCRIPTION": "ਗਾਹਕੀ",
		"OLD_PASS_VALID": "ਕਿਰਪਾ ਕਰਕੇ ਆਪਣਾ ਪੁਰਾਣਾ ਪਾਸਵਰਡ ਦਾਖਲ ਕਰੋ",
		"NEW_PASS_VALID": "ਕਿਰਪਾ ਕਰਕੇ ਆਪਣਾ ਨਵਾਂ ਪਾਸਵਰਡ ਦਾਖਲ ਕਰੋ",
		"CONFIRM_PASS_VALID": "ਕਿਰਪਾ ਕਰਕੇ ਆਪਣਾ ਪੁਸ਼ਟੀ ਪਾਸਵਰਡ ਦਾਖਲ ਕਰੋ",
		"PASS_WORD_MISMATCH": "ਪਾਸਵਰਡ ਮੇਲ ਨਹੀਂ ਖਾਂਦੇ",
		"OLD_PASSWORD": "ਵਰਤਮਾਨ ਪਾਸਵਰਡ",
		"NEW_PASSWORD": "ਨਵਾਂ ਪਾਸਵਰਡ",
		"COUNTRY": "ਦੇਸ਼ ਚੁਣੋ",
		"STATE": "ਰਾਜ ਚੁਣੋ",
		"CI_TY": "ਸ਼ਹਿਰ ਚੁਣੋ",
		"SEARCH_YOUR_CITY": "ਆਪਣੇ ਸ਼ਹਿਰ ਦੀ ਖੋਜ ਕਰੋ",
		"SEARCH_COUNTRY": "ਦੇਸ਼ ਦੀ ਖੋਜ ਕਰੋ",
		"SEARCH_STATE": "ਖੋਜ ਸਥਿਤੀ",
		"SEARCH_CITY": "ਸ਼ਹਿਰ ਦੀ ਖੋਜ ਕਰੋ",
		"FULL_NAME": "ਪੂਰਾ ਨਾਂਮ",
		"ADDRESS": "ਪਤਾ",
		"UPDATE": "ਪ੍ਰੋਫਾਈਲ ਅੱਪਡੇਟ ਕਰੋ",
		"RESET": "ਪ੍ਰੋਫਾਈਲ ਰੀਸੈਟ ਕਰੋ",
		"ISSUE": "ਕਿਸਮ ਚੁਣੋ",
		"TECHNICAL": "ਤਕਨੀਕੀ",
		"OTHER": "ਹੋਰ",
		"ENTER_TITLE": "ਸਿਰਲੇਖ ਦਰਜ ਕਰੋ",
		"TITLE_HERE": "ਸਿਰਲੇਖ ਇੱਥੇ ਜਾਂਦਾ ਹੈ",
		"PLE_ENTER_TITLE": "'ਕਿਰਪਾ ਕਰਕੇ ਸਿਰਲੇਖ ਦਰਜ ਕਰੋ",
		"ENTER_DESCRIPTION": "ਕਿਰਪਾ ਕਰਕੇ ਸੁਨੇਹਾ ਦਾਖਲ ਕਰੋ",
		"MESSAGE": "ਸੁਨੇਹਾ",
		"MESSAGE_HERE": "ਤੁਹਾਡਾ ਸੁਨੇਹਾ ਇੱਥੇ ਜਾਂਦਾ ਹੈ",
		"DOCUMENT": "ਦਸਤਾਵੇਜ਼ ਅੱਪਲੋਡ",
		"OVERALL": "ਕੁੱਲ ਮਿਲਾ ਕੇ",
		"READING": "ਪੜ੍ਹਨਾ",
		"WRITING": "ਲਿਖਣਾ",
		"LISTEN": "ਸੁਣ ਰਿਹਾ ਹੈ",
		"SPEAKING": "ਬੋਲ ਰਿਹਾ ਹਾਂ",
		"GRAMMAR": "ਵਿਆਕਰਣ",
		"FLUENCY": "ਪ੍ਰਵਾਹ",
		"PRONOUN": "ਪੜਨਾਂਵ",
		"SPELLING": "ਸਪੈਲਿੰਗ",
		"VOCAB": "ਸ਼ਬਦਾਵਲੀ",
		"DISCOURSE": "ਭਾਸ਼ਣ",
		"SCORE_REPORT": "AI ਸਕੋਰ ਰਿਪੋਰਟ ਵਿਸ਼ਲੇਸ਼ਣ",
		"REPORT": "ਰਿਪੋਰਟ ਦਾ ਵਿਸ਼ਲੇਸ਼ਣ ਕੀਤਾ ਗਿਆ",
		"HEADING": "ਹੇਠਾਂ ਦੱਸੇ ਗਏ ਨਿਯਮ ਰੀਡਿੰਗ ਮੋਡੀਊਲ ਵਿੱਚ ਤੁਹਾਡੀ ਮਦਦ ਕਰਨਗੇ। ਤੁਹਾਨੂੰ ਸਲਾਹ ਦਿੱਤੀ ਜਾਂਦੀ ਹੈ ਕਿ ਤੁਸੀਂ ਆਪਣੇ ਰੀਡਿੰਗ ਸਕੋਰ ਨੂੰ ਬਿਹਤਰ ਬਣਾਓ।",
		"HOURS": "ਘੰਟੇ",
		"MIN": "ਘੱਟੋ-ਘੱਟ",
		"SEC": "ਸੈਕੰ",
		"DAYS": "ਦਿਨ",
		"CON_FIRM": "ਪੁਸ਼ਟੀ ਕਰੋ",
		"PREMIUM": "ਪ੍ਰੀਮੀਅਮ",
		"FREE PREMIUM": "ਮੁਫ਼ਤ ਪ੍ਰੀਮੀਅਮ",
		"EXAM_COUNT_DOWN": "ਪ੍ਰੀਖਿਆ ਕਾਊਂਟਡਾਊਨ",
		"COMPLETED": "ਪੂਰਾ ਹੋਇਆ",
		"PRACTICE": "ਅਭਿਆਸ",
		"QUESTION": "ਸਵਾਲ",
		"STUDY_TOOL": "ਸਟੱਡੀ ਟੂਲ",
		"TEMPLATES": "ਟੈਂਪਲੇਟਸ",
		"TEMPLATE": "ਤੁਹਾਡੇ ਲਈ ਡਾਊਨਲੋਡ ਕਰਨ ਅਤੇ ਤਿਆਰ ਕਰਨ ਲਈ ਸਾਡੇ ਅਜ਼ਮਾਏ ਅਤੇ ਟੈਸਟ ਕੀਤੇ ਟੈਂਪਲੇਟਸ।",
		"PREDECTION": "ਭਵਿੱਖਬਾਣੀਆਂ",
		"PREDICT": "ਸਾਡੀਆਂ ਹਫ਼ਤਾਵਾਰੀ ਪੂਰਵ-ਅਨੁਮਾਨ ਦੀਆਂ ਫਾਈਲਾਂ ਵਿੱਚ ਦੁਹਰਾਉਣ ਦੀ ਉੱਚ ਸੰਭਾਵਨਾ ਵਾਲੇ ਪ੍ਰਸ਼ਨ ਹੁੰਦੇ ਹਨ।",
		"GRAMMER": "ਇਹ ਵਿਆਕਰਣ ਨਿਯਮ ਰੀਡਿੰਗ ਮੋਡੀਊਲ ਵਿੱਚ ਤੁਹਾਡੀ ਮਦਦ ਕਰਨਗੇ।",
		"VOCAB_BANK": "ਤੁਸੀਂ ਅਭਿਆਸ ਲਈ ਇਸ ਸੂਚੀ ਵਿੱਚ ਔਖੇ ਸ਼ਬਦ ਜੋੜ ਸਕਦੇ ਹੋ।",
		"VOC_AB": "ਵੋਕੈਬ-ਬੈਂਕ",
		"SCORE": "ਸਕੋਰ-ਫੀਡਬੈਕ",
		"SCORE_FEEDBACK": "ਤੁਹਾਨੂੰ ਆਪਣੇ ਪਿਛਲੇ ਸਕੋਰ 'ਤੇ ਇੱਕ ਵਿਸ਼ਲੇਸ਼ਣ ਫੀਡਬੈਕ ਮਿਲੇਗਾ।",
		"MARK": "ਨਿਸ਼ਾਨਦੇਹੀ",
		"MARKING": "ਇਹ ਤੁਹਾਨੂੰ ਹਰੇਕ ਸਵਾਲ ਦਾ ਮਾਰਕਿੰਗ-ਬ੍ਰੇਕਡਾਊਨ ਪ੍ਰਦਾਨ ਕਰੇਗਾ।",
		"ALFA": "AlfaPTE",
		"NEW": "ਨਵਾਂ",
		"PREDI_CTION": "ਭਵਿੱਖਬਾਣੀ",
		"PRACTICED": "ਅਭਿਆਸ ਕੀਤਾ",
		"REMAIN_TIME": "ਬਾਕੀ ਸਮਾਂ",
		"COUNT": "ਸ਼ਬਦ ਗਿਣਤੀ",
		"SUMMARY": "ਆਪਣਾ ਜਵਾਬ ਇੱਥੇ ਟਾਈਪ ਕਰੋ..",
		"TRANSCRIPT": "ਪ੍ਰਤੀਲਿਪੀ",
		"TIME": "ਸਮਾਂ",
		"ANSWER": "ਜਵਾਬ",
		"AI_SCORE": "AI ਸਕੋਰ",
		"ENABLING_SKILLS": "ਹੁਨਰ ਨੂੰ ਸਮਰੱਥ ਬਣਾਉਣਾ",
		"CONTENT": "ਸਮੱਗਰੀ",
		"SPELLINGS": "ਸ਼ਬਦ-ਜੋੜ",
		"GRAM_MER": "ਵਿਆਕਰਣ",
		"FORM": "ਫਾਰਮ",
		"VOCABULARY_RANGE": "ਸ਼ਬਦਾਵਲੀ ਸੀਮਾ",
		"YOUR_RESPONSE": "ਤੁਹਾਡਾ ਜਵਾਬ",
		"SUGGESTIONS": "ਸੁਝਾਅ",
		"TOTAL_WORDS": "ਕੁੱਲ ਸ਼ਬਦ",
		"ENGLISH": "ਅੰਗਰੇਜ਼ੀ",
		"TIME_TAKEN": "ਸਮਾਂ ਲਿਆ",
		"MINUTE": "ਮਿੰਟ",
		"SECOND": "ਦੂਜਾ",
		"TARGET_SCORE": "ਟੀਚਾ ਸਕੋਰ",
		"SST": "ਸਪੋਕਨ ਟੈਕਸਟ ਨੂੰ ਸੰਖੇਪ ਕਰੋ",
		"MCM": "ਬਹੁ-ਚੋਣ, ਬਹੁ-ਉੱਤਰ",
		"FIB": "ਖਾਲੀ ਥਾਂਵਾਂ ਨੂੰ ਭਰੋ",
		"HCS": "ਸਹੀ ਸਾਰਾਂਸ਼ ਨੂੰ ਹਾਈਲਾਈਟ ਕਰੋ",
		"MCS": "ਬਹੁ-ਚੋਣ, ਸਿੰਗਲ ਜਵਾਬ",
		"SMW": "ਗੁੰਮ ਸ਼ਬਦ ਚੁਣੋ",
		"HIC": "ਗਲਤ ਸ਼ਬਦਾਂ ਨੂੰ ਹਾਈਲਾਈਟ ਕਰੋ",
		"WFD": "ਡਿਕਸ਼ਨ ਤੋਂ ਲਿਖੋ",
		"LISTENING": "ਸੁਣਨਾ",
		"FORCE_UPDATE": "ਨਵਾਂ ਅੱਪਡੇਟ ਉਪਲਬਧ ਹੈ",
		"UPD_ATE": "ਅੱਪਡੇਟ ਕਰੋ",
		"UNDER_MAINTENCE": "ਰੱਖ-ਰਖਾਅ ਦੇ ਅਧੀਨ",
		"PREDICTION_TITLE": "ਸਾਡੀਆਂ ਹਫ਼ਤਾਵਾਰੀ-ਪੂਰਵ-ਅਨੁਮਾਨ ਦੀਆਂ ਫਾਈਲਾਂ ਵਿੱਚ ਉਹ ਸਾਰੇ ਮਹੱਤਵਪੂਰਨ ਸਵਾਲ ਹੋਣਗੇ ਜਿਨ੍ਹਾਂ ਨੂੰ ਆਉਣ ਵਾਲੀਆਂ ਪ੍ਰੀਖਿਆਵਾਂ ਵਿੱਚ ਦੁਹਰਾਉਣ ਦੀ ਜ਼ਿਆਦਾ ਸੰਭਾਵਨਾ ਹੈ।",
		"MY_SCORE": "ਮੇਰਾ ਸਕੋਰ",
		"COMMUNITY_SCORE": "ਕਮਿਊਨਿਟੀ ਸਕੋਰ",
		"MULTIPLE_CHOICE": "ਬਹੁ-ਚੋਣ, ਬਹੁ-ਉੱਤਰ",
		"REORDER": "ਪੈਰਾਗ੍ਰਾਫ ਨੂੰ ਮੁੜ-ਆਰਡਰ ਕਰੋ",
		"REA_DING": "ਪੜ੍ਹਨਾ: ਖਾਲੀ ਥਾਂ ਭਰੋ",
		"READING_WRITING": "ਪੜ੍ਹਨਾ ਅਤੇ ਲਿਖਣਾ: ਖਾਲੀ ਥਾਂਵਾਂ ਨੂੰ ਭਰੋ",
		"READ_ING": "ਪੜ੍ਹ ਰਿਹਾ ਹੈ",
		"SCORE_FEED_BACK": "ਸਕੋਰ ਫੀਡਬੈਕ",
		"REAL_EXAM": "ਅਸਲ ਪ੍ਰੀਖਿਆ",
		"MOCK_TEST": "ਮੌਕ ਟੈਸਟ",
		"SUBMIT_OVERALL_TEXT": "'ਕਿਰਪਾ ਕਰਕੇ ਆਪਣਾ ਸਮੁੱਚਾ ਸਕੋਰ ਦਰਜ ਕਰੋ",
		"SUBMIT_GRAMMER": "ਕਿਰਪਾ ਕਰਕੇ ਆਪਣਾ ਵਿਆਕਰਣ ਅੰਕ ਦਰਜ ਕਰੋ",
		"SUBMIT_WRITING": "ਕਿਰਪਾ ਕਰਕੇ ਆਪਣਾ ਲਿਖਤੀ ਅੰਕ ਦਰਜ ਕਰੋ",
		"SUBMIT_SPEAKING": "ਕਿਰਪਾ ਕਰਕੇ ਆਪਣਾ ਬੋਲਣ ਦਾ ਸਕੋਰ ਦਰਜ ਕਰੋ",
		"SUBMIT_READING": "ਕਿਰਪਾ ਕਰਕੇ ਆਪਣਾ ਰੀਡਿੰਗ ਸਕੋਰ ਦਰਜ ਕਰੋ",
		"SUBMIT_LISTEN": "ਕਿਰਪਾ ਕਰਕੇ ਆਪਣਾ ਸੁਣਨ ਦਾ ਸਕੋਰ ਦਰਜ ਕਰੋ",
		"SUBMIT_ORAL_FLUENCY": "ਕਿਰਪਾ ਕਰਕੇ ਆਪਣਾ ਮੌਖਿਕ ਫਲੂਐਂਸੀ ਸਕੋਰ ਦਰਜ ਕਰੋ",
		"SUBMIT_PRONOUN": "ਕਿਰਪਾ ਕਰਕੇ ਆਪਣਾ ਉਚਾਰਨ ਅੰਕ ਦਰਜ ਕਰੋ",
		"SUBMIT_SPELL": "ਕਿਰਪਾ ਕਰਕੇ ਆਪਣਾ ਸਪੈਲਿੰਗ ਸਕੋਰ ਦਰਜ ਕਰੋ",
		"SUBMIT_VOCAB": "ਕਿਰਪਾ ਕਰਕੇ ਆਪਣਾ ਸ਼ਬਦਾਵਲੀ ਸਕੋਰ ਦਰਜ ਕਰੋ",
		"SUBMIT_DISCOURSE": "ਕਿਰਪਾ ਕਰਕੇ ਆਪਣਾ ਭਾਸ਼ਣ ਸਕੋਰ ਦਰਜ ਕਰੋ",
		"SUBMIT_DATE": "ਕਿਰਪਾ ਕਰਕੇ ਮਿਤੀ ਚੁਣੋ",
		"CATEGORY": "ਪ੍ਰੀਖਿਆ ਸ਼੍ਰੇਣੀ",
		"EXAM_DATE": "ਪ੍ਰੀਖਿਆ ਦੀ ਮਿਤੀ",
		"SCORE_": "ਸਕੋਰ",
		"PRONOUNCIATION": "ਉਚਾਰਣ",
		"ORAL_FLUENCY": "ਮੌਖਿਕ ਪ੍ਰਵਾਹ",
		"VOCABULARY": "ਸ਼ਬਦਾਵਲੀ",
		"WRITTING_DISCOURSE": "ਲਿਖਤੀ ਭਾਸ਼ਣ",
		"RA": "ਉੱਚੀ ਪੜ੍ਹੋ",
		"RTL": "ਲੈਕਚਰ ਨੂੰ ਦੁਬਾਰਾ ਦੱਸੋ",
		"RS": "ਵਾਕ ਦੁਹਰਾਓ",
		"ASQ": "ਛੋਟੇ ਸਵਾਲ ਦਾ ਜਵਾਬ ਦਿਓ",
		"DI": "ਚਿੱਤਰ ਦਾ ਵਰਣਨ ਕਰੋ",
		"SWT": "ਲਿਖਤੀ ਪਾਠ ਨੂੰ ਸੰਖੇਪ ਕਰੋ",
		"WE": "ਲੇਖ ਲਿਖੋ",
		"ROP": "ਰੀ-ਆਰਡਰ PARAGRAPH",
		"RWFBI": "R&W: ਖਾਲੀ ਥਾਂ ਭਰੋ",
		"RFBI": "ਪੜ੍ਹਦੇ ਹੋਏ ਖਾਲੀ ਥਾਂਵਾਂ ਨੂੰ ਭਰੋ",
		"SS_T": "ਬੋਲੇ ਗਏ ਟੈਕਸਟ ਦਾ ਸਾਰ ਦਿਓ",
		"MC_M": "MCQ- ਮਲਟੀਪਲ",
		"FI_B": "ਖਾਲੀ ਥਾਂਵਾਂ ਨੂੰ ਭਰੋ",
		"MC_S": "MCQ- ਸਿੰਗਲ",
		"HC_S": "ਸਹੀ ਸੰਖੇਪ ਨੂੰ ਹਾਈਲਾਈਟ ਕਰੋ",
		"SM_W": "ਗੁੰਮ ਹੋਏ ਸ਼ਬਦ ਦੀ ਚੋਣ ਕਰੋ",
		"HIS": "ਗਲਤ ਸ਼ਬਦਾਂ ਨੂੰ ਹਾਈਲਾਈਟ ਕਰੋ",
		"WF_D": "ਡਿਕਟੇਸ਼ਨ ਤੋਂ ਲਿਖੋ",
		"SUMMARIZE": "ਲਿਖਤੀ ਪਾਠ ਨੂੰ ਸੰਖੇਪ ਕਰੋ",
		"EASY": "ਲੇਖ ਲਿਖੋ",
		"WRIT_ING": "ਲਿਖਣਾ",
		"VIEW_MORE": "ਹੋਰ ਵੇਖੋ",
		"SEARCH": "ਖੋਜ",
		"TYPE": "ਇੱਥੇ ਟਾਈਪ ਕਰੋ..",
		"APPE_ARED": "ਪ੍ਰਗਟ ਹੋਇਆ",
		"HASH": "#",
		"READ_ALOUD": "ਉੱਚੀ ਪੜ੍ਹੋ",
		"REPEAT_SENTENCE": "ਵਾਕ ਦੁਹਰਾਓ",
		"DESCRIBE_IMAGE": "ਚਿੱਤਰ ਦਾ ਵਰਣਨ ਕਰੋ",
		"RETELL_LECTURE": "ਲੈਕਚਰ ਦੁਬਾਰਾ ਦੱਸੋ",
		"ANSWER_SHORT": "ਛੋਟੇ ਸਵਾਲ ਦਾ ਜਵਾਬ ਦਿਓ",
		"STUDY": "ਅਧਿਐਨ ਯੋਜਨਾ",
		"TASK_COMPLETED": "ਕੰਮ ਪੂਰਾ ਹੋਇਆ",
		"NOT_COMPLETED": "ਕੰਮ ਪੂਰਾ ਨਹੀਂ ਹੋਇਆ",
		"NO_LOGIN": "ਲੌਗ ਇਨ ਨਹੀਂ ਕੀਤਾ",
		"UPGRADE": "ਕਿਰਪਾ ਕਰਕੇ ਅੱਪਗ੍ਰੇਡ ਕਰੋ",
		"PREM_IUM": "ਪ੍ਰੀਮੀਅਮ",
		"STUDY_PLAN": "ਆਪਣੀ ਸਟੱਡੀ-ਪਲਾਨ ਦੇਖਣ ਲਈ",
		"TASK_ASSIGNED": "ਕੋਈ ਕੰਮ ਨਹੀਂ ਸੌਂਪਿਆ ਗਿਆ ਹੈ",
		"PLEASE_SET_TARGET": "ਕਿਰਪਾ ਕਰਕੇ ਆਪਣੀ ਅਧਿਐਨ ਯੋਜਨਾ ਨੂੰ ਦੇਖਣ ਲਈ ਆਪਣਾ ਟੀਚਾ ਸਕੋਰ ਸੈਟ ਕਰੋ",
		"TEMPLATE_HEADING": "ਅਸੀਂ ਤੁਹਾਡੇ ਦੁਆਰਾ ਡਾਊਨਲੋਡ ਕਰਨ ਅਤੇ ਤਿਆਰ ਕਰਨ ਲਈ ਸਾਡੇ ਅਜ਼ਮਾਏ ਅਤੇ ਟੈਸਟ ਕੀਤੇ ਟੈਂਪਲੇਟਾਂ ਦੀ ਬਣਤਰ ਉਪਲਬਧ ਕਰਵਾਈ ਹੈ।",
		"OTP": "OTP ਦਾਖਲ ਕਰੋ",
		"VERIFY": "ਪੁਸ਼ਟੀ ਕਰੋ",
		"RESENT_OTP": "OTP ਦੁਬਾਰਾ ਭੇਜੋ",
		"VERIFICATION": "ਪੁਸ਼ਟੀਕਰਨ",
		"AN_ACCOUNT": "ਮੇਰੇ ਕੋਲ ਖਾਤਾ ਹੈ?",
		"SEND": "ਭੇਜੋ",
		"VERIFICATION_LINK": "ਕੀ ਅਜੇ ਤੱਕ ਪੁਸ਼ਟੀਕਰਨ ਲਿੰਕ ਪ੍ਰਾਪਤ ਨਹੀਂ ਹੋਇਆ ਹੈ?",
		"SELECT_ACCOUNT": "ਖਾਤਾ ਪੁਸ਼ਟੀਕਰਨ ਵਿਧੀ ਚੁਣੋ",
		"RESEND": "ਦੁਬਾਰਾ ਭੇਜੋ",
		"SMS": "SMS",
		"ALL": "ਸਾਰੇ",
		"KNOWN": "ਜਾਣਿਆ ਜਾਂਦਾ ਹੈ",
		"UNKNOWN": "ਅਗਿਆਤ",
		"WORDS": "ਸ਼ਬਦ",
		"AI_SCORE_": "AI ਸਕੋਰ",
		"DEVELOPMENT_STRUCTURE": "ਵਿਕਾਸ, ਢਾਂਚਾ ਅਤੇ ਤਾਲਮੇਲ",
		"GENERAL_LINGUISTIC": "ਆਮ ਭਾਸ਼ਾਈ ਰੇਂਜ",
		"PROGRESS": "ਤਰੱਕੀ",
		"GO_TO": "ਵੱਲ ਜਾ",
		"PRAC_TICED": "ਅਭਿਆਸ ਕੀਤਾ",
		"NOT_PRACTICED": "ਅਭਿਆਸ ਨਹੀਂ ਕੀਤਾ ਗਿਆ",
		"PREDICTION": "ਪੂਰਵ-ਅਨੁਮਾਨ",
		"BOOKMARK": "ਬੁੱਕਮਾਰਕ",
		"EXTRA_PAGE_PASSING": "ਮਾਫ਼ ਕਰਨਾ ਤੁਸੀਂ ਇਸ ਪੰਨੇ ਤੱਕ ਨਹੀਂ ਪਹੁੰਚ ਸਕਦੇ",
		"QUESTIONS": "ਸਵਾਲ",
		"SUMMMERY": "ਸੰਖੇਪ ਅਤੇ ਸਾਰ",
		"SCRIPT": "ਸਕ੍ਰਿਪਟ",
		"X": "ਐਕਸ",
		"RECORDING": "ਵਿੱਚ ਰਿਕਾਰਡਿੰਗ ਸ਼ੁਰੂ ਹੋ ਜਾਵੇਗੀ",
		"BEGINNING": "ਵਿੱਚ ਸ਼ੁਰੂ",
		"AUDIO": "ਆਡੀਓ ਅਨੁਮਤੀ ਦੀ ਲੋੜ ਹੈ",
		"NO_SCORE": "ਅਜੇ ਤੱਕ ਦਿਖਾਉਣ ਲਈ ਕੋਈ ਸਕੋਰ ਨਹੀਂ",
		"GOOD_WORD": "ਚੰਗੇ ਸ਼ਬਦ",
		"BAD_WORD": "ਮਾੜੇ ਸ਼ਬਦ",
		"NOTE": "ਨੋਟ: ਆਡੀਓ ਪਲੇਅਰ ਕੁਝ ਡਿਵਾਈਸਾਂ ਵਿੱਚ ਅਨੁਕੂਲ ਨਹੀਂ ਹੈ।",
		"ANNOTATION": "ਐਨੋਟੇਸ਼ਨ",
		"OVER_ALL_PRIDICTION": "ਸਮੁੱਚੇ ਸਕੋਰ ਦੀ ਭਵਿੱਖਬਾਣੀ ਸਿਰਫ਼ ਤੁਹਾਡੇ ਮੌਜੂਦਾ ਜਵਾਬ 'ਤੇ ਆਧਾਰਿਤ ਹੈ।",
		"LOW_SCORE": "ਘੱਟ ਸਕੋਰ ਹੇਠਾਂ ਦਿੱਤੇ ਕਾਰਨਾਂ ਕਰਕੇ ਹੋ ਸਕਦਾ ਹੈ:",
		"MICROPHONE": "ਮਾਈਕ੍ਰੋਫੋਨ:",
		"MICROPHONE_TEXT": "ਇੱਕ ਚੰਗਾ ਮਾਈਕ੍ਰੋਫ਼ੋਨ ਅਤੇ ਇਸਨੂੰ ਕਿਵੇਂ ਰੱਖਿਆ ਗਿਆ ਹੈ ਇੱਕ ਮਹੱਤਵਪੂਰਨ ਭੂਮਿਕਾ ਨਿਭਾਉਂਦਾ ਹੈ।",
		"PAUSES": "ਵਿਰਾਮ:",
		"PAUSES_TEXT": "ਤੁਹਾਡੇ ਜਵਾਬ ਵਿੱਚ 2 ਜਾਂ ਵੱਧ ਸਕਿੰਟਾਂ ਲਈ ਵਿਰਾਮ ਨਹੀਂ ਹੋਣੇ ਚਾਹੀਦੇ।",
		"MISSING_AUDIO": "ਗੁੰਮ ਆਡੀਓ:",
		"AUD_IO": "ਆਡੀਓ ਪਲੇਅਰ ਕੁਝ ਮੋਬਾਈਲ ਡਿਵਾਈਸਾਂ ਵਿੱਚ ਅਨੁਕੂਲ ਨਹੀਂ ਹੈ।",
		"DICTIONARY": "ਸ਼ਬਦਕੋਸ਼",
		"CLICK_WORD": "ਸ਼ਬਦਕੋਸ਼ ਦੀ ਜਾਂਚ ਕਰਨ ਲਈ ਸ਼ਬਦਾਂ 'ਤੇ ਕਲਿੱਕ ਕਰੋ",
		"REMOVE": "ਹਟਾਓ",
		"ADD_VOCAB_BANK": "Vocab ਬੈਂਕ ਵਿੱਚ ਸ਼ਾਮਲ ਕਰੋ",
		"DEFINITION": "ਪਰਿਭਾਸ਼ਾ",
		"EXAMPLE": "ਉਦਾਹਰਨ",
		"FORGOT": "ਪਾਸਵਰਡ ਭੁੱਲ ਗਏ",
		"CREATE_ACCOUNT": "ਖਾਤਾ ਬਣਾਉ",
		"HINDI": "ਹਿੰਦੀ",
		"PUNJABI": "ਪੰਜਾਬੀ",
		"STRATEGY": "ਰਣਨੀਤੀ ਵੀਡੀਓਜ਼",
		"CATEGORIES": "ਵਰਗ",
		"SUBSCRIBE": "ਸਬਸਕ੍ਰਾਈਬ ਕਰੋ",
		"RESTRICTED": "ਪ੍ਰਤਿਬੰਧਿਤ ਪਹੁੰਚ",
		"UPGRADE_FEATURE": "ਕਿਰਪਾ ਕਰਕੇ ਇਸ ਵਿਸ਼ੇਸ਼ਤਾ ਤੱਕ ਪਹੁੰਚ ਕਰਨ ਲਈ ਅੱਪਗ੍ਰੇਡ ਕਰੋ",
		"SURE": "ਤੁਹਾਨੂੰ ਪੂਰਾ ਵਿਸ਼ਵਾਸ ਹੈ?",
		"PRACTICE_HISTORY": "ਇਹ ਤੁਹਾਡੇ ਸਾਰੇ ਅਭਿਆਸ ਇਤਿਹਾਸ ਨੂੰ ਮਿਟਾ ਦੇਵੇਗਾ।",
		"ACTION": "ਤੁਸੀਂ ਇਸ ਕਾਰਵਾਈ ਨੂੰ ਅਣਡੂ ਨਹੀਂ ਕਰ ਸਕਦੇ।",
		"RE_SET": "ਰੀਸੈਟ ਕਰੋ",
		"PREREQUISITES": "ਪੂਰਵ-ਸ਼ਰਤਾਂ",
		"GOOGLE_APP": "ਕਿਰਪਾ ਕਰਕੇ AlfaPTE ਦੀ ਵਰਤੋਂ ਜਾਰੀ ਰੱਖਣ ਲਈ Google ਐਪ ਸਥਾਪਤ ਕਰੋ।",
		"ALREADY_INSTALL": "ਜੇਕਰ ਪਹਿਲਾਂ ਤੋਂ ਹੀ ਸਥਾਪਿਤ ਹੈ, ਤਾਂ ਕਿਰਪਾ ਕਰਕੇ ਇਸਨੂੰ ਸਮਰੱਥ ਬਣਾਓ।",
		"INSTALL": "ਇੰਸਟਾਲ ਕਰੋ",
		"DOWNLOADING": "ਡਾਊਨਲੋਡ ਕੀਤਾ ਜਾ ਰਿਹਾ ਹੈ",
		"APPEARED_AGAIN": "ਦੁਬਾਰਾ ਪ੍ਰਗਟ ਹੋਇਆ",
		"HOME": "ਘਰ",
		"STUDY_PLAN_": "ਅਧਿਐਨ-ਯੋਜਨਾ",
		"STRATEGIES": "ਰਣਨੀਤੀਆਂ",
		"ACC_OUNT": "ਖਾਤਾ",
		"BEGINNING_IN": "ਵਿੱਚ ਸ਼ੁਰੂ",
		"_SEC": "ਸੈਕੰ",
		"COMMENT": "ਟਿੱਪਣੀ ਕਰੋ",
		"ADD_COMMENT": "ਕਿਰਪਾ ਕਰਕੇ ਟਿੱਪਣੀ ਸ਼ਾਮਲ ਕਰੋ",
		"COMMENT_HERE": "ਇੱਥੇ ਟਿੱਪਣੀ ਕਰੋ...",
		"UNDERSTAND_PROCEED": "ਹਾਂ, ਮੈਂ ਸਮਝਦਾ ਹਾਂ ਅਤੇ ਮੈਂ ਅੱਗੇ ਵਧਣਾ ਚਾਹਾਂਗਾ",
		"DELETE_PROFILE": "ਇਹ ਕਾਰਵਾਈ ਤੁਹਾਡੀ ਪ੍ਰੋਫਾਈਲ ਨੂੰ ਪੱਕੇ ਤੌਰ 'ਤੇ ਮਿਟਾ ਦੇਵੇਗੀ।",
		"LOST": "ਅਭਿਆਸ ਸਮੇਤ ਤੁਹਾਡਾ ਸਾਰਾ ਡਾਟਾ। ਮੌਕ ਟੈਸਟ ਅਤੇ ਗਾਹਕੀ ਖਤਮ ਹੋ ਜਾਵੇਗੀ।",
		"UNDO": "ਤੁਸੀਂ ਇਸ ਕਾਰਵਾਈ ਨੂੰ ਅਣਡੂ ਨਹੀਂ ਕਰ ਸਕਦੇ।",
		"DELETE": "ਮਿਟਾਓ",
		"WHITE": "ਖਾਲੀ ਥਾਂ",
		"SUGGE_STION": "ਸੁਝਾਅ:",
		"LOGOUT": "ਕੀ ਤੁਸੀਂ ਯਕੀਨੀ ਤੌਰ 'ਤੇ ਲੌਗਆਊਟ ਕਰਨਾ ਚਾਹੁੰਦੇ ਹੋ?",
		"LOG_OUT": "ਲਾੱਗ ਆਊਟ, ਬਾਹਰ ਆਉਣਾ",
		"ACCESS_PHONE": "ਕਿਰਪਾ ਕਰਕੇ AI ਸਕੋਰਿੰਗ ਲਈ ਤੁਹਾਡੇ ਆਡੀਓ ਜਵਾਬਾਂ ਨੂੰ ਰਿਕਾਰਡ ਕਰਨ ਅਤੇ ਅੱਪਲੋਡ ਕਰਨ ਲਈ ਐਪ ਨੂੰ ਤੁਹਾਡੇ ਫ਼ੋਨ ਦੇ ਮਾਈਕ੍ਰੋਫ਼ੋਨ ਅਤੇ ਸਟੋਰੇਜ ਤੱਕ ਪਹੁੰਚ ਕਰਨ ਦਿਓ।",
		"DENY": "ਇਨਕਾਰ ਕਰੋ",
		"ALLOW": "ਦੀ ਇਜਾਜ਼ਤ",
		"TIMING": "ਸਮਾਂ:",
		"SHARE_VIA": "ਰਾਹੀਂ ਸਾਂਝਾ ਕਰੋ",
		"WHATSAPP_INSTALLED": "ਯਕੀਨੀ ਬਣਾਓ ਕਿ ਤੁਹਾਡੀ ਡਿਵਾਈਸ 'ਤੇ WhatsApp ਇੰਸਟਾਲ ਹੈ",
		"TELEGRAM_INSTALLED": "ਯਕੀਨੀ ਬਣਾਓ ਕਿ ਤੁਹਾਡੀ ਡਿਵਾਈਸ 'ਤੇ ਟੈਲੀਗ੍ਰਾਮ ਸਥਾਪਿਤ ਹੈ",
		"CODE_COPIED": "ਕੋਡ ਕਾਪੀ ਕੀਤਾ ਗਿਆ",
		"VERSION": "ਸੰਸਕਰਣ",
		"OTP_SENT": "OTP ਭੇਜਿਆ ਗਿਆ",
		"INVALIDE_CODE": "ਅਵੈਧ ਕੋਡ।",
		"NUMBER_VERIFIED": "ਨੰਬਰ ਦੀ ਪੁਸ਼ਟੀ ਕੀਤੀ ਗਈ",
		"OTP_SEND": "Otp ਸਫਲਤਾਪੂਰਵਕ ਭੇਜੋ",
		"FREE_PREMIUM_PLAN": "ਮੁਫ਼ਤ ਪ੍ਰੀਮੀਅਮ ਪਲਾਨ",
		"FREE_PLAN": "ਮੁਫਤ ਯੋਜਨਾ",
		"SELECT_EXAM_DATE": "ਕਿਰਪਾ ਕਰਕੇ ਆਪਣੀ ਪ੍ਰੀਖਿਆ ਦੀ ਮਿਤੀ ਚੁਣੋ",
		"SUBMITTED": "ਸਫਲਤਾਪੂਰਵਕ ਸਪੁਰਦ ਕੀਤਾ ਗਿਆ",
		"AI_POWERED": "AI-ਸੰਚਾਲਿਤ ਸਕੋਰਿੰਗ",
		"SECTIONAL_MOCK_TEST": "ਸੈਕਸ਼ਨਲ ਮੌਕ ਟੈਸਟ",
		"FULL_MOCK_TEST": "ਪੂਰੇ ਮੌਕ ਟੈਸਟ",
		"STRATEGY_VIDEOS": "ਰਣਨੀਤੀ ਵੀਡੀਓਜ਼",
		"WEEKLY_PREDICTIONS": "ਹਫ਼ਤਾਵਾਰੀ ਭਵਿੱਖਬਾਣੀਆਂ",
		"PAYMENT_VERIFIED": "ਭੁਗਤਾਨ ਦੀ ਸਫਲਤਾਪੂਰਵਕ ਪੁਸ਼ਟੀ ਹੋਈ।",
		"VERIFICATION_FAILED": "ਭੁਗਤਾਨ ਪੁਸ਼ਟੀਕਰਨ ਅਸਫਲ ਰਿਹਾ। ਜੇਕਰ ਸਫਲਤਾਪੂਰਵਕ ਭੁਗਤਾਨ ਕੀਤਾ ਜਾਂਦਾ ਹੈ, ਤਾਂ ਕਿਰਪਾ ਕਰਕੇ ਬਾਅਦ ਵਿੱਚ 'ਭੁਗਤਾਨ ਸਥਿਤੀ ਨੂੰ ਤਾਜ਼ਾ ਕਰੋ' 'ਤੇ ਕਲਿੱਕ ਕਰੋ",
		"ALFAPTE": "(AlfaPTE - PTE ਪ੍ਰੈਕਟਿਸ ਐਪ)",
		"PLANS": "ਯੋਜਨਾਵਾਂ",
		"REFRESH_PAYMENT": "ਭੁਗਤਾਨ ਸਥਿਤੀ ਨੂੰ ਤਾਜ਼ਾ ਕਰੋ",
		"FEATURES": "ਵਿਸ਼ੇਸ਼ਤਾਵਾਂ",
		"SELECT_PHOTO": "ਇੱਕ ਫੋਟੋ ਚੁਣੋ",
		"TAKE_PHOTO": "ਫੋਟੋ ਲੈ...",
		"CHOOSE_LIBRARY": "ਲਾਇਬ੍ਰੇਰੀ ਵਿੱਚੋਂ ਚੁਣੋ...",
		"PHONE_NUMBER": "ਫੋਨ ਨੰਬਰ",
		"NO_FOUND": "ਕੋਈ ਐਪ ਨਹੀਂ ਮਿਲੀ",
		"EXPIRING_SOON": "ਜਲਦੀ ਹੀ ਮਿਆਦ ਪੁੱਗ ਰਹੀ ਹੈ",
		"RENEW_NOW": "ਹੁਣੇ ਰੀਨਿਊ ਕਰੋ",
		"DOCUMENT_NO_FOUND": "ਅਪਲੋਡ ਦਸਤਾਵੇਜ਼ ਨਹੀਂ ਮਿਲੇ",
		"BOOKMARKED": "ਬੁੱਕਮਾਰਕ ਕੀਤਾ",
		"DELETE_SUCCESS": "ਸਫਲਤਾਪੂਰਵਕ ਮਿਟਾਇਆ ਗਿਆ",
		"YOUR": "ਤੁਹਾਡਾ",
		"USER": "ਉਪਭੋਗਤਾ ਦੇ",
		"CORRECT_ANSWER": "ਸਹੀ ਜਵਾਬ",
		"USER_RESPONSE": "ਉਪਭੋਗਤਾ ਦਾ ਜਵਾਬ",
		"AMERICAN": "ਅਮਰੀਕੀ",
		"BRITISH": "ਬ੍ਰਿਟਿਸ਼",
		"CORRECT_WORDS": "ਸਹੀ ਸ਼ਬਦ",
		"MISSED_WORDS": "ਖੁੰਝੇ ਹੋਏ ਸ਼ਬਦ",
		"MISSPLET": "ਗਲਤ ਸ਼ਬਦ-ਜੋੜ/ਗਲਤ ਸ਼ਬਦ",
		"CHECK_ERROR": "ਕਿਰਪਾ ਕਰਕੇ ਗਲਤੀ ਦੀ ਜਾਂਚ ਕਰਨ ਲਈ ਹਾਈਲਾਈਟ ਕੀਤੇ ਸ਼ਬਦ 'ਤੇ ਕਲਿੱਕ ਕਰੋ",
		"LOGIN_FAIL": "ਗਲਤੀ ਨਾਲ ਲੌਗਇਨ ਅਸਫਲ:",
		"ALFA_RIGHT": "ਸਾਰੇ ਅਧਿਕਾਰ ਰਾਖਵੇਂ ਹਨ - ਅਲਫਾ ਪੀ.ਟੀ.ਈ",
		"ALFA_RIGHTS": "ਸਾਰੇ ਅਧਿਕਾਰ ਰਾਖਵੇਂ ਹਨ - www.alfapte.com",
		"SELECT_ANSWER": "ਜਵਾਬ ਚੁਣੋ",
		"WORD_REMOVE": "ਸ਼ਬਦ ਸਫਲਤਾਪੂਰਵਕ ਹਟਾਇਆ ਗਿਆ",
		"WORD_ADD": "ਸ਼ਬਦ ਸਫਲਤਾਪੂਰਵਕ ਸ਼ਾਮਲ ਕੀਤਾ ਗਿਆ",
		"SELECT_BLANK": "ਚੁਣੇ ਹੋਏ ਖਾਲੀ ਵਿੱਚ ਸੁੱਟਣ ਲਈ ਕਿਸੇ ਵੀ ਸ਼ਬਦ 'ਤੇ ਕਲਿੱਕ ਕਰੋ",
		"CHANGE_ORDER": "ਵਿਕਲਪ ਨੂੰ ਦੇਰ ਤੱਕ ਦਬਾ ਕੇ ਆਰਡਰ ਬਦਲੋ",
		"SEE_OPTIONS": "ਵਿਕਲਪਾਂ ਨੂੰ ਦੇਖਣ ਲਈ ਖਾਲੀ ਥਾਂ 'ਤੇ ਕਲਿੱਕ ਕਰੋ",
		"VERIFICATION_LINK_SENT": "ਇੱਕ ਪੁਸ਼ਟੀਕਰਨ ਲਿੰਕ ਤੁਹਾਡੀ ਈਮੇਲ 'ਤੇ ਭੇਜਿਆ ਗਿਆ ਹੈ",
		"ADD_NOTE": "ਕਿਰਪਾ ਕਰਕੇ ਨੋਟ ਸ਼ਾਮਲ ਕਰੋ",
		"NOTES": "ਨੋਟਸ",
		"SAVE": "ਸੇਵ ਕਰੋ",
		"ENTER_NOTE": "ਨੋਟ ਦਰਜ ਕਰੋ...",
		"WORD_NOT_FOUND": "ਸ਼ਬਦ ਨਹੀਂ ਮਿਲਿਆ",
		"LOAD_MORE": "ਹੋਰ ਲੋਡ ਕਰ",
		"RESPONSE_LESS_THAN": "ਜਵਾਬ 15 ਸਕਿੰਟਾਂ ਤੋਂ ਘੱਟ ਹੈ",
		"QUESTION_TITLE": "ਸਵਾਲ ਦਾ ਸਿਰਲੇਖ / ਨੰਬਰ",
		"STRATEGIES_VIDEOS": "ਰਣਨੀਤੀਆਂ ਵੀਡੀਓਜ਼",
		"INSTALL_YOUTUBE": "ਯਕੀਨੀ ਬਣਾਓ ਕਿ ਤੁਹਾਡੀ ਡਿਵਾਈਸ 'ਤੇ ਯੂਟਿਊਬ ਸਥਾਪਤ ਹੈ",
		"TARGET_UPDATE": "ਟੀਚਾ ਅੱਪਡੇਟ ਕੀਤਾ ਗਿਆ",
		"SCORE_PRONUN": "Ai ਸਕੋਰ ਅਤੇ ਉਚਾਰਨ",
		"SCORE_CORRECTION": "ਏਆਈ ਸਕੋਰ ਅਤੇ ਸੁਧਾਰ",
		"IMMEDIATE_FEEDBACK": "ਤੁਰੰਤ ਫੀਡਬੈਕ",
		"DAILY_UPDATED": "ਸਵਾਲ ਰੋਜ਼ਾਨਾ ਅਪਡੇਟ ਕੀਤੇ ਜਾਂਦੇ ਹਨ",
		"SET_TARGET": "ਆਪਣਾ ਟੀਚਾ ਸੈੱਟ ਕਰੋ",
		"YOUR_TARGET": "ਤੁਹਾਡਾ ਟੀਚਾ:",
		"HELLO": "ਸਤ ਸ੍ਰੀ ਅਕਾਲ",
		"NICE_DAY": "ਤੁਹਾਡਾ ਦਿਨ ਅੱਛਾ ਹੋ",
		"ALL_THE_BEST": "ਸਭ ਨੂੰ ਵਧੀਆ",
		"SYSTEM_DETECT": "ਕੀ ਸਿਸਟਮ ਨੇ ਪਤਾ ਲਗਾਇਆ ਕਿ ਤੁਸੀਂ ਕੀ ਕਿਹਾ ਸੀ?",
		"DETECT_YOUR_VOICE": "ਕੀ ਸਿਸਟਮ ਨੇ ਤੁਹਾਡੀ ਆਵਾਜ਼ ਦਾ ਪਤਾ ਲਗਾਇਆ?",
		"YOUR_VOOICE": "ਕੀ ਸਿਸਟਮ ਨੇ ਤੁਹਾਡੀ ਆਵਾਜ਼ ਦਾ ਪਤਾ ਲਗਾਇਆ",
		"YES": "ਹਾਂ",
		"NO": "ਨੰ",
		"SPEECH_COMPLETED": "ਸਪੀਚ ਕੈਲੀਬ੍ਰੇਸ਼ਨ ਪੂਰਾ ਹੋ ਗਿਆ ਹੈ।",
		"AI_SPEECH": "AI ਸਪੀਚ ਕੈਲੀਬ੍ਰੇਸ਼ਨ",
		"INTELLIGENCE_SCORE": "ਅਗਲੇ 3 ਪੜਾਅ ਨਕਲੀ ਬੁੱਧੀ ਦੇ ਸਕੋਰਿੰਗ ਲਈ ਤੁਹਾਡੀ ਬੋਲੀ ਨੂੰ ਕੈਲੀਬਰੇਟ ਕਰਨਗੇ।",
		"STEP": "ਕਦਮ:",
		"OF": "ਦੇ",
		"KNO_WN": "ਜਾਣਿਆ ਜਾਂਦਾ ਹੈ",
		"UNK_NOWN": "ਅਣਜਾਣ",
		"LANGUAGE": "ਆਪਣੀ ਭਾਸ਼ਾ ਚੁਣੋ",
		"SCORE_BRITISH": "AI ਸਕੋਰ (ਬ੍ਰਿਟਿਸ਼)",
		"SCORE_AMERICAN": "AI ਸਕੋਰ (ਅਮਰੀਕੀ)",
		"WORD_COUNT": "ਸ਼ਬਦ ਗਿਣਤੀ:",
		"YOUR_SUMMARY": "ਆਪਣਾ ਸੰਖੇਪ ਇੱਥੇ ਟਾਈਪ ਕਰੋ..",
		"PLAY_BACK": "ਪਲੇਬੈਕ",
		"SPEECH_TO_TEXT": "ਸਪੀਚ ਟੂ ਟੈਕਸਟ",
		"OK": "ਠੀਕ ਹੈ",
		"NO_RESULT": "ਮਾਫ ਕਰਨਾ! ਕੋਈ ਨਤੀਜਾ ਨਹੀਂ ਮਿਲਿਆ",
		"YOUIR_ANSWER": "ਤੁਹਾਡਾ ਜਵਾਬ",
		"BRI_TISH": "ਬ੍ਰਿਟਿਸ਼:",
		"AMER_ICAN": "ਅਮਰੀਕੀ:",
		"USER_HASH": "ਉਪਭੋਗਤਾ #:",
		"SHOW": "ਦਿਖਾਓ",
		"HIDE": "ਲੁਕਾਓ",
		"VERIFICATION_SUCCESS": "ਪੁਸ਼ਟੀਕਰਨ ਸਫਲ ਰਿਹਾ",
		"APPLY": "ਲਾਗੂ ਕਰੋ",
		"NOTE_SAVE_SUCCESS": "ਨੋਟ ਸਫਲਤਾਪੂਰਵਕ ਸੁਰੱਖਿਅਤ ਕੀਤਾ ਗਿਆ",
		"S_TASK": "ਦਾ ਕੰਮ",
		"LANGUAGES": "ਭਾਸ਼ਾਵਾਂ",
		"SELECT_LANGUAGE": "ਭਾਸ਼ਾ ਚੁਣੋ",
		"READALL": "ਸਭ ਪੜ੍ਹੋ",
		"DELETEALL": "ਸਭ ਮਿਟਾਓ",
		"BUYNOW": "ਹੁਣੇ ਖਰੀਦੋ",
		"VIEWALL": "ਸਭ ਦੇਖੋ",
		"VIEWALLNOTIFICATIONS": "ਸੂਚਨਾਵਾਂ ਦੇਖੋ",
		"FORUM": "ਫੋਰਮ",
		"ERROR": "ਗਲਤੀ",
		"COMMENT_S": "ਟਿੱਪਣੀ",
		"CATEGORY_C": "ਸ਼੍ਰੇਣੀ:",
		"NEWQUES": "ਨਵੇਂ ਸਵਾਲ",
		"ATTACHFILE": "ਫਾਈਲ ਅਟੈਚ ਕਰੋ",
		"SUBMITLOWER": "ਜਮ੍ਹਾਂ ਕਰੋ",
		"AREYOUSURE": "ਕੀ ਤੁਸੀਂ ਯਕੀਨੀ ਤੌਰ 'ਤੇ ਸਭ ਨੂੰ ਮਿਟਾਉਣਾ ਚਾਹੁੰਦੇ ਹੋ?",
		"AREYOUSUREDELETE": "ਕੀ ਤੁਸੀਂ ਯਕੀਨਨ ਮਿਟਾਉਣਾ ਚਾਹੁੰਦੇ ਹੋ?",
		"RENUE": "ਰੀਨਿਊ ਕਰੋ",
		"ADDCOM": "ਟਿੱਪਣੀ",
		"NO_FORUM": "ਅਜੇ ਤੱਕ ਦਿਖਾਉਣ ਲਈ ਕੋਈ ਫੋਰਮ ਨਹੀਂ ਹੈ",
		"TRY_LATER": "ਕਿਰਪਾ ਕਰਕੇ ਕੁਝ ਸਮੇਂ ਬਾਅਦ ਕੋਸ਼ਿਸ਼ ਕਰੋ"
	}
}
